Text,Final Decision,Eli
"""08 | #Ramadan1447 | WOULD A LIE LAST THAT LONG | Shaykh Musa Jibril (  )
PDF: 
SRT:,",Salafi jihadi,
"""Ahmed al-Sharaa states in his Consitution:

""Citizens are equal before the law in rights and duties, without discrimination based on race, religion, gender, or lineage.""

Who would risk throwing themselves into Hellfire by declaring that the one who holds this belief is a Muslim?,",Salafi jihadi,
"""Sh.Abdul-Aziz Bin Baz (may Allah have mercy on him) said:

""As for National Day and celebrating National Day on any day...then all of this is an innovation, all of it is from the innovations &amp; an imitation of the enemies of Allah.""

#Saudi_National_Day_92
#__"",",Salafi jihadi,taqlidi
"""05 | #Ramadan1447 | THE NAMES &amp; ATTRIBUTES OF ALLAH | Shaykh Musa Jibril (  )
PDF: 
SRT:,",Salafi jihadi,
"""""American embassies in the Islamic world are not like other embassies. Rather, they are embassies that perform an intelligence role and seek to extend American influence in Muslim lands. The ongoing war against Islam,  including the war against jihad (which they call terrorism) and the spread of the democratic creed,  is all planned from within these embassies.

American embassies present in Muslim lands have no legal (shar') status whatsoever. Indeed, the religious obligation requires severing relations with the American government and expelling its ambassadors, since it is a state at war with Islam and occupying Muslim lands.""

Shaykh Abu Mundhir as Shanqiti"",",Salafi jihadi,
"""Zarqawi cutting their head off was understandable"",",Salafi jihadi,
"""14 | #Ramadan1447 | REFLECTION: A PATH TO CERTAINTY AND FAITH | Shaykh Musa Jibril (  )
PDF: 
SRT:,",Salafi jihadi,
"""""#Taliban spokesman Zabihullah Mujahid to Radio Tehran: We hope the war between US and #Iran does not occur. However, if such a conflict happens, Iran will emerge victorious and #Afghans will cooperate with Iranian people to fullest extent of our capabilities. 
""
--------------

The Taliban and their Rafidha brothers Mushriks in one camp.  Ya Allah destroy them like you destroyed the people of Madyan,",Salafi jihadi,
"""Shaykh Ahmad Musa Jibril warns against those who misuse statements of scholars to make mass Takfir.

Note: This is NOT in reference to falling into clear kufr like Shirk without valid Ikrah (coercion).,",Salafi jihadi,
"""""Haqiqatjou has to be the least masculine anti-lgbt and anti-feminist, constantly engaging in zesty and bizarrely feminine behavior, emulating women in voice and gestures, with endless snorts and other unbearable sound effects. This guy is such a psyop. 
""
--------------

It is genuinely laughable. This zindiq Haqiqatjou postures as some kind of giga chad because he loudly attacks liberalism, yet the moment shirk and Rafidism appear he turns into a full-blown simp. When tawhid demands an actual backbone, he completely collapses, waters down the creed, prostitutes Athari principles, and humiliates himself by twisting every line of belief just to accommodate every mushrik zindiq, all in the name of a hollow, fraudulent unity.  He has even adopted their majoosi lingo (Wahhabi takfiri this and that) and their effeminate mannerisms.,40.0",Salafi jihadi,irrelevant
"""Shaykh Muqbil never mentioned specific rulers., absolute copium, here he called specific people Tawagheet. The brainlets have 2 options

1. Claim he retracted these statements (They are all on his website) &amp; admit he was a Khariji before this.

2. Accept that this was his view."",",Salafi jihadi,
"Posting Othman Khabeeth in pics with martyred Syrian fighters doesnt change fact that he called the soldiers of Kuwait fighting for American interests Murabitun lol 
You can cope as long as you want but Khabeeth called out Hamas for aligning with Iran 
Allah exposes him and you,",Salafi jihadi,
"Madkhals never surprise me with their nifq,101.0",Salafi jihadi,
"To them - defending awght who replace and abolish the Sharah is part of the Sunnah that none may defy, and anyone who is willing to defend Muslims from aggression of kuffr is a ""khrij"" and/or ""emotional.""

 .,102.0",Salafi jihadi,
"""That's my position too. There is no contradiction in takfiring Rawafid, particularly their leaders, yet still standing with them against Zionists. This is different from the approach of shirk defenders like the zindiq Daniel Haqiqatjou, who went as far as painting Khamenei and his cult as some sort of heroes of Islam and canonising him into a martyr saint.

So there are two extremes:

- Those cheerleading this attack on Iran, although most casualties are innocent civilians, including Sunnis.

- Those who try to water down all the crimes and shirk of the Rawafid.

As Muslims, we should support even mushrik Christian non-Zionists against Zionists and, by extension, Rawafid. However, that does not mean we cannot takfir them or expose their kufr and falsehood (notice how the Sudani general at the end did not even add takfir for the Rawafid)."",",Salafi jihadi,
"""25 | #Ramadan1447 | ALLAH WILL ANSWER THIS SUPPLICATION | Shaykh Musa Jibril (  )
PDF:,",Salafi jihadi,
"Shaykh Sad bin Zuayr, one of the students of Shaykh amd bin Uql ash-Shuayb, mentioned that Shaykh Muammad ibn Ibrhm would not issue a fatw until he presented it to his student Shaykh amd bin Uql.,11.0",Salafi jihadi,
"""""A Messege From Shamsi To Br Sneako
@DusDawah 
""
--------------

Zindeeq Shamsi why is Murtad bin Salman praying for forgiveness and paradise for a Mushrik Rafidhi?,",Salafi jihadi,
"""Remember all those moronic Madkhalis blindly defending their lord MBS? Some claiming the photo is fake, some claiming its a completely different guy, some claiming its AI. The original photo was released in the recent Epstein file dump by the American (in)justice department. 



Keep in mind, this meeting occurred after he was a convicted sex offender. This is who your Taghut MBS spends his time with, and whom your rabbis bootlick and condition Salafiyyah with. Look at that beaming smile! A picture of close friends. 

May Allah continue to expose these Tawagheet."",",Salafi jihadi,
"""Those happy with the bombing of Iran &amp; the killing of the khabith Ali Khamenei need to be remember what the apostate Arab &amp; Gulf states have done to Ahlus-Sunnah &amp; the Muwahideen!

These tawagheet are two sides of the same coin, anyone who can not see this reality is an imbecile"",",Salafi jihadi,
"Saudi Army of Kufr Shaykh Turki al-Binali Rahimahullah,",Salafi jihadi,
"""""..Dont Deceive The Muslims .. 
""
--------------

Funny how this Munafiq is speaking about Iran allying with America what about your Taghut kingdomof Saudi Arabia ya Munafiq 
(Check thread),",Salafi jihadi,
""" and  are the two websites to follow for uncompromising Dawah in our era.

Free from bowing down the Taghut and free from sugarcoating to please the masses.,",Salafi jihadi,
"""13 | #Ramadan1447 | WHOEVER KNOWS ALLAH MORE WILL FEAR HIM MORE | Shaykh Musa Jibril (  )
PDF: 
SRT:,",Salafi jihadi,
"""Rfidah are worse than donkeys! 

- Shaykh Ahmad Musa Jibril,",Salafi jihadi,
"""10 | #Ramadan1447 | RIGHTEOUS CONDUCT | Shaykh Musa Jibril (  )
PDF: 
SRT:,",Salafi jihadi,
"""07 | #Ramadan1447 | AL-WALA WAL BARA' | Shaykh Musa Jibril (  )
PDF: 
SRT:,",Salafi jihadi,
"""The perspective of people is so skewed. Imagine if you were to go on the Minbar of The Messenger of Allah    , and tell your congregation that they shouldnt hate the pedophile, they should only hate the action of pedophilia. They shouldnt hate the rapist, but the action of rape. Imagine if they said we should unite with Epstein for the sake of some worldly benefits. Imagine a man said this about Netanyahu? He would be beaten on his way out of the masjid. Yet even worse than this is disseminated upon the western pulpits, for the act of Shirk is far worse than ANY crime in this universe. How many have tried to unite between the Muslim and the Mushrik?! Despite the clear command from Allah to do the contrary, at a minimum with your heart! It seems that every current event is a reminder of how far the Muslim/muslims have strayed from the Millah of Ibrhim, whom Allah Says our Messenger followed!    ."",",Salafi jihadi,
"""06 | #Ramadan1447 | O ALLAH, LORD OF ALL DOMINION | Shaykh Musa Jibril (  )
SRT:,",Salafi jihadi,
"""A beautiful human who was always in the Frontline calling for the freedom of Muslims unjustly held behind the bars, only to have himself be one of the prisoners.

He spent the first half of his life dedicated to raising awareness for the Muslim prisoners, and now sentenced for the remaining of his life to being one.

Anyone who slanders him, just know this...if you ever get locked up, brother Anjem would be the one calling for your release when your own friends and family would've disowned you. Even if that meant he himself gets sent to prison as a result.

#WeStandWithBrotherAnjem #FreeTheAseer"",",Salafi jihadi,
"""Prevention in Shariah vs Intervention in Taghut Law

Shaykh Abdullah al-Faisal,",Salafi jihadi,
"""""This is the Red Army burning burqas and other Islamic veils on March 8, 1927, in honor of International Womens Day in the town square in Andijan, Uzbekistan.

Forced secularization of Central Asian countries by the Soviet Union is one of the reasons they are not like Afghanistan today.""
""
--------------

Straight from the horses mouth
If Amanullah had succeeded, wed be what these countries are today 
Therefore may Allah have mercy on Habibullah Kalakani (Bache Saqaw) for chasing him out of Afg
And alhamdulillah for all the Mujahideen in the eighties who fought the communists,",Salafi jihadi,
"""Pakistani Army Field Marshal, Asim Munirs misinterpretation of Jihad ruling refuted by Shaykh Ahmad Musa Jibril
#Pakistan #AsimMunir,",Salafi jihadi,
"""Kuwayt has Sh. al-Khams. 
KSA has Sh. al-Fawzn.
`sim Munr has Muft `Uthmn. 
Jawln has Sh. Al-Muhaysan.

How long till the cage of man-made law break?

Allhs Help is Sought."",",Salafi jihadi,
"""As Muslims, we must stand firm upon our faith and reject those who falsely claim to represent us. Iran, often portrayed as a defender of Muslim causes, cannot and must not be supported, because:

1 Their belief system has no connection to Islam. Their aqdah strays far from Tawd and slips into shirk, by elevating their Imams to near-divine status and seeking intercession through them in ways that clearly contradict the oneness of Allah. Their deep rooted hatred towards the Prophet Muammads (peace be upon him) noble companions and honorable wives, especially ishah (may Allah be Pleased with her), is a major red line that no sincere Muslim can ignore.

2 Iran has the blood of countless Muslims on its hands. In fact, its crimes in places like Syria and Yemen have caused more death and destruction than even Israel.

 Our stance is not to support either side. Rather, their internal conflict weakens their grip on the region while keeping them preoccupied with themselves. This may give our brothers and sisters in Gaza and elsewhere some breathing space and relief.

Some ask: Why not support Iran, when the so-called Sunni Arab countries are doing nothing for Gaza?
The truth is, even these regimes have nothing to do with Islam. They are secular puppets of America and Israel. The ordinary people (awm) in these nations are either powerless, or live in fear, trapped behind blocked nationalistic borders. Their rulers serve foreign interests. Not the Ummah.

Had these countries been ruled by sincere Muslims, united in Tawd and loyalty to Allah, the Zionist entity Israel would have collapsed long ago. Instead, they remain idle while Gaza bleeds proving their betrayal beyond any doubt.

As Muslims, we must reject both Irans deviant sectarian agenda and the treachery of pro-Western regimes."",",Salafi jihadi,
"""You say: ISIS killed civilians. Those Muslims who died were:

1. Soldiers of the Taghut armies
2. Police officers of the Murtaddin
3. Shiite militias who burned Sunni mosques
4. Comrades who received salaries from the CIA to kill mujahideen

+"",",Salafi jihadi,
"""All these hypocrite Madkhalis coming out with open Takfir of the Rafidhah, scholars and laymen  which is correct  suddenly get amnesia, and forget that MBS affirmed Islam for the previously bbqd leader of Iran. Even Madkhalis recognize that the then leader of Iran was a Taght. Is Al-Kufr Bi-Taghut only applicable when convenient with Saudi foreign policy?

This is why nobody takes these clown seriously, and theyre a filthy stain on the Salafi Dawah. Their religious discourse takes its ques from Saudi foreign policy, with Salafi buzzwords sprinkled in when convenient and serves their purposes.

The reality is, the Salaf and Salafi Manhaj are free from them."",",Salafi jihadi,
"""Theres literally no difference between this Ismaili Kafir, and the Jahmi Kafir. Both making circus clown Tawil that contradict the understanding of the Salaf, as recorded by the Imam of the Mufassireen. Both like to larp as if theyre sophisticated and deep, but in reality theyre just flirting with atheism on the regular. May Allah destroy them, and make an example of them and their likes   ."",35.0",Salafi jihadi,
"""Imam Jamil Al-Amin passed away today while still confined within the prison walls. Like his companion, Imam Luqman Abdullah, who preceded him, these were men who, in shAllh, remained steadfast and true to their covenant with Allh. They stood in stark contrast to many other imams in the West, who faltered and compromised.

Though they may not have been formally recognized as ulama, theyin shAllhacted upon the knowledge they possessed, which is what truly matters.         . Even amid his suffering, Imam Jamil remained thoughtful, conveying his salm to me through some who were in touch with him.

May Allh forgive them both, envelop them in His infinite mercy, illuminate their graves with radiant light, and elevate their ranks among the righteous.

Ahmad Musa Jibril 
2 Jumda ath-Thn 1447"",93.0",Salafi jihadi,
"""True peace and security in the middle east will come with the removal of the US, Israel and all the apostates who ally with them and also with the removal of the treacherous Rafidah.

Islam is the solution."",",Salafi jihadi,
"""The riddah of the new Syrian government has become as clear as the sun, any who doesnt make takfir of them is either:

1) a supporter of the tawaghit, and thus a kafit

2) a stubborn denier who clings to the old Jolani

3) a jahil who doesnt know the basics of Wala wal bara"",95.0",Salafi jihadi,
"""23 | #Ramadan1447 | ""THIS IS OUR BOUNTY"" | Shaykh Musa Jibril (  )
PDF:,",Salafi jihadi,
"""""Crown Prince Muhammad Bin Salman at Masjid An Nabawi 
""
--------------

Even a Kafir is praying what is your excuse?,",Salafi jihadi,
"""16 | #Ramadan1447 | ARE THERE ANY MORE?  | Shaykh Musa Jibril (  ),",Salafi jihadi,
"""Daniel the Mushrik & Crypto Rafidhi: Ibn Taymiyyah says Muslims must favor Rafidhah over Jews and Christians.

Shaykh Al Islam Ibn Taymiyyah: Makes Du that Allah makes him from those who perform Jihad against the apostate Rafidhah.

This guy needs to hire better ghost writers."",",Salafi jihadi,
"""11 | #Ramadan1447 | DISOBEDIENCE TO PARENTS | Shaykh Musa Jibril (  )
PDF:,",Salafi jihadi,
"Alhamdullilah the Rafidhi Dog of hellfire has perished.
May Allah give the same fate to the rest of the Tawagheet and make a way for the true Mujahideen to establish Allah's religion.,",Salafi jihadi,
"""I think it might be slanderous and injustice towards the Hypocrites at the time of The Prophet    , to compare the UAE government to them. The UAE government are in a Nifq class of their own, as well as all those Madkhalis who defend them, whilst knowing their reality. (@FarisHammadi and co.).

  "",",Salafi jihadi,
"""""BREAKING: The U.S. State Department has ordered American diplomats to leave Saudi Arabia after drone attacks near the U.S. Embassy in Riyadh.

Source: NYT""
""
--------------

No, please stay put in the Land of Tawheed,",Salafi jihadi,
"""Shaykh Alwan has declared every Israeli above the age of puberty one whos blood is halal

There is no mercy to the occupiers"",94.0",Salafi jihadi,
"""Theres throwing stones from a glass house, but this is a cardboard box. Is uncle Faris forgetting that the biggest Hindu temple outside of India &amp; the Kufri Abrahamic interfaith house are located in his country?,",Salafi jihadi,
"""04 | RUQYA - Ayat Al-Kursi | Ramadan 1447 | Shaykh Musa Jibril (  )
SRT:,",Salafi jihadi,
"""Netanyahu is The Proudest Taghut in The World

Shaykh Abdullah al-Faisal,",Salafi jihadi,
"""Whoever doesn't takfr the kfir is a kfir.""

And by being too extreme and unjustly takfring Muslims in unclear matters or out of assumption - you may fall under the Messenger 's statement: ""If a man says to his brother, 'O kfir,' then surely one of them are such."",17.0",Salafi jihadi,
"""24 | #Ramadan1447 | ""ALLAH HAS RETURNED YOUR SON'S SIGHT"" | Shaykh Musa Jibril (  )
PDF:,",Salafi jihadi,
"""09 | #Ramadan1447 | FAR BE IT FROM ME | Shaykh Musa Jibril (  )
PDF: 
SRT:,",Salafi jihadi,
"""The devils of mankind still roam free, despite some of their brethren from jinnkind being chained. May Allah curse and destroy any Zindq who claims this action is Kufran Duna Kufr."",",Salafi jihadi,
"""""Yo @sneako can you say Ameen to this Dua? If not, stop saying Khamanei was a Martyr. This Mushrik did so much evil its impossible to consider him a Muslim let alone a Martyr. 
""
--------------

Hey. Madakhila how can you guys say Khamenei went to Hell listen to your top Rabbi Fawzan  

(May Allah Protect us from such Zandaqah),",Salafi jihadi,
"Takfr needs to be balanced - we should be neither too lenient nor too extreme and hasty in judgement - as both will be punished for.

By excusing awght, mushrikn and murtaddn you risk your Islm and may fall under the principle:,16.0",Salafi jihadi,
"""02 | THE CONDITIONS OF LA ILAHA ILLA ALLAH p.1 | Ramadan 1447 | Shaykh Musa Jibril (  )

PDF: 
SRT:,",Salafi jihadi,
""" Apostate Taliban movement sends condolences on Ali Khameni and refers to it as a Shaheed (Martyr) which is second highest rank after Prophethood

 May Allah curse this Taliban regime and every one Zindiq who allied with it patching up every act of Kufr for them,",Salafi jihadi,
"""17 | #Ramadan1447 | EXPECT GOOD FROM ALLAH| Shaykh Musa Jibril (  )
PDF: 
SRT:,",Salafi jihadi,
"""On this blessed night, please pray for Allah to free @BilalKareem from Ahmad al Sharaas prison in Syria.,",Salafi jihadi,irrelevant
"""03 | #Ramadan1447 | THE CONDITIONS OF LA ILAHA ILLA ALLAH p.2 | Shaykh Musa Jibril (  )
PDF:
SRT:,",Salafi jihadi,
"""Shaykh Al Islam, the Imam of the Imams, Ibn Khuzaymah Al-Shfii Al-Wahhbiyy (d. 311 AH) said about the quoted Mushrik fellow and his Jahmi cult:

Whoever does not affirm that Allah the Mighty and Majestic has Rose above His Throne above His seven heavens  he is a disbeliever in his Lord, his blood is lawful. He is to be called to repent; if he repents, well and good, otherwise his neck is to be struck, and he is to be thrown onto some of the rubbish heaps so that neither the Muslims nor the dhimms are harmed by the putrid stench of his corpse. And his wealth becomes fay  no Muslim inherits from him, for a Muslim does not inherit from a disbeliever, as the Prophet  said: A Muslim does not inherit from a disbeliever, nor a disbeliever from a Muslim.""",Salafi jihadi,
"""1) The referenced tweet is in the context of Gaza being slaughtered by the apes and swines. In response to this Zindiqs scholars dishing out satanic fatwas that no one is allowed to help them physically without the rulers permission. Open up a book of Fiqh and read about   you Zindq. Already exposed the ignorance of these Zanadiqa here: 

2) Again, hes talking about the Jihad of the Palestinians against Israel, and you bring statements of Al-Hafidh Ibn Hajar about the Qadiyyah, to try and prove hes inciting against the ruler. So youre implying Israel is the ruler who is to be obeyed and not rebelled against, nor spoken against, nor incited against? Great refutation and self expos of you being a now out of the closet Zionist. Lol

3) You Zanadiqa MBS/MBZ worshippers cant tell the difference between an actual sinful Muslim ruler and a Taghut whom Allah conditions our Islam with Hating and Rejecting, and in turn apply the rights of the former on the latter.

4) You Zanadiqa have yet to bring a single incident from the Salaf, of your applied understanding. Bring a SINGLE instance, where a Muslim ruler (let alone a Kafir like we have nowadays), was criticized for open Fisq he was committing, whether in front of his face, or behind his back, and the Salaf called the one who criticizing him a Khariji. Ill wait, and this is an open challenge. Unless youre implying Islam was missing this crucial applied understanding for 1400+ years, until spubs came along in junction with Prevent (UK Gov agency) to show us the way of the salaf. Lol

5) Ive brought multiple instances of Salaf criticizing to the rulers face, behind the rulers back, and even making Takfir of rulers behind their back here: 

6) Not a single one of you minions has brought forth his statements in their appropriate context (ever), and refuted it academically. You just rely on others being as incompetent as you.

7) This is all coming from an Abu Khadeejah fanboy mind you, who is viewed as a scholar according to these morons. A guy whom my 4 year old   can recite better Quran than. 

The Jahmis and Madkhalis are in a close race to win out, who is the most intellectually brain dead group ascribing itself to Islam. The new age Madkhalis are making a strong case to be honest.""",Salafi jihadi,
"""Having Pride in Teachings of Islam 

Shaykh Ahmad Musa Jibril",Salafi jihadi,
"""This moronic kid doesnt realize that the stupid kid who makes Takfir of Shaykh Al Islam Ibn Taymiyyah, did so because he shares the same understanding of Ibn Taymiyyah as this moronic Madkhali. Both believe that Ibn Taymiyyah gives excuse of ignorance in the label of a Mushrik, and thats factually not the case, and Ive proven that multiple times in my videos. Shaykh Al Islam is explicit that the label of Mushrik is given even before Rislah, which is even more unaware of a state, than an ignorant person whos heard the Quran.

Whether ignorance is a valid excuse not to apply the Hukm of Takfir, is an Ikhtilaf the Scholars do have. Takfir as a term is a Hukm Sharii, hence you see Udhr bil Jahl being discussed with respect to it.

Both of the aforementioned morons have the same understanding in reality, however one due to his idiocy and Ghulu led him down an extreme path, and one due to his idiocy and Irja led him on an opposite and equally extreme path. 

Both are gateways to Zandaqa, and we ask Allah for Salamah.""",Salafi jihadi,
"""What Shaykh Abu Mundhir ash Shanqiti said about those who allow US embassies, is equally true about those who allow Jewish embassies:

""As for the situation where America kills whichever Muslims it pleases, occupies whichever Muslim lands it pleases, violates honor, desecrates sanctities, and dishonors Islamic sacred things, and yet certain states in Muslim lands maintain relations, exchange ambassadors with it, and enable it to achieve its interests in Muslim lands as if it were any other peaceful, non-belligerent state, this amounts to allying with it in its war against Islam and assisting it in fighting Muslims.""""",Salafi jihadi,
"""One of the people of knowledge said a while back that the Madkhalis will keep splitting &amp; fighting each other until there is no one left on the Manhaj. This is what we see today, constant internal refutations &amp; bickering over issues that arent even foundational.""",Salafi jihadi,
"""1) The referenced tweet is in the context of Gaza being slaughtered by the apes and swines. In response to this Zindiqs scholars dishing out satanic fatwas that no one is allowed to help them physically without the rulers permission. Open up a book of Fiqh and read about   you Zindq. Already exposed the ignorance of these Zanadiqa here: 

2) Again, hes talking about the Jihad of the Palestinians against Israel, and you bring statements of Al-Hafidh Ibn Hajar about the Qadiyyah, to try and prove hes inciting against the ruler. So youre implying Israel is the ruler who is to be obeyed and not rebelled against, nor spoken against, nor incited against? Great refutation and self expos of you being a now out of the closet Zionist. Lol

3) You Zanadiqa MBS/MBZ worshippers cant tell the difference between an actual sinful Muslim ruler and a Taghut whom Allah conditions our Islam with Hating and Rejecting, and in turn apply the rights of the former on the latter.

4) You Zanadiqa have yet to bring a single incident from the Salaf, of your applied understanding. Bring a SINGLE instance, where a Muslim ruler (let alone a Kafir like we have nowadays), was criticized for open Fisq he was committing, whether in front of his face, or behind his back, and the Salaf called the one who criticizing him a Khariji. Ill wait, and this is an open challenge. Unless youre implying Islam was missing this crucial applied understanding for 1400+ years, until spubs came along in junction with Prevent (UK Gov agency) to show us the way of the salaf. Lol

5) Ive brought multiple instances of Salaf criticizing to the rulers face, behind the rulers back, and even making Takfir of rulers behind their back here: 

6) Not a single one of you minions has brought forth his statements in their appropriate context (ever), and refuted it academically. You just rely on others being as incompetent as you.

7) This is all coming from an Abu Khadeejah fanboy mind you, who is viewed as a scholar according to these morons. A guy whom my 4 year old   can recite better Quran than. 

The Jahmis and Madkhalis are in a close race to win out, who is the most intellectually brain dead group ascribing itself to Islam. The new age Madkhalis are making a strong case to be honest.""",Salafi jihadi,
"""Al-Fudayl ibn Iyad, may Allah have mercy on him, said:
If you see oppressors taking revenge on other oppressors, stand and observe in astonishment.

When you see the greatest enemies of Islam in this era, those with the most blood of Muslims on their hands, turning against one another and weakening themselves through their conflicts, let your heart be soothed and turn to Allah in gratitude.

Sometimes, Allah soothes hearts by letting oppressors and tyrants orchestrate their own downfall through their conflicts and wars.

We make the wrongdoers destructive to one another because of their misdeeds. (6:129)

The parties involved in this war, the US along with their awliy, the leaders of the Gulf, as well as the Rafidah and the Yahud, are enemies, equally guilty and steeped in crimes against Islam and Muslims. Their hands are stained with the blood of countless innocents, and to true believers who grasp the depth of their kufr and the enormity of their crimes, each is as condemned as the next, none surpassing the other in guilt. They vied ruthlessly in their oppression and in betraying the Muslims.

Malik ibn Dinar, may Allah have mercy on him, said:
""I read in the revealed Books of Allah that Allah, the Exalted, said: I destroy My enemies through My enemies, and then I destroy them through My awliy.""

May Allah prolong their strife so that they are preoccupied with one another and weakened, and may He raise to leadership on this earth the Muslims they betrayed, oppressed, and harmed, so that Tawheed may be established across the earth!

May Allah safeguard every innocent Muslim wherever this conflict occurs!

Ahmad Musa Jibril
2 Shawwal 1447 AH""",Salafi jihadi,
"""According the fat Mushrik @Haqiqatjou, anyone that says the bbqd pig @khamenei_ir insults the Sahabah is an Israeli backed accountwhat about his own book? Did the IDF secretly publish it? 

Lol, This guys posts are like the official IDF account, pure gaslighting. You see in the destroyed Mushriks own book, he insults the Sahabah numerous times on just one page:

1) Accuses Al-Farq   , of not submitting to Haqq.

2) Accuses a group from the Sahabah of  (very derogatory way to describe hanging up on someone in Arabic) against Ali   .

3) Accuses Fatimah    of slandering the Sahabah who gave Baya to the greatest man after The Prophet     (Abu Bakr   ) by saying they committed a major sin: and indeed they have done that for which Allah is their Reckoner and the One who will call them to account...

4) Accuses the most noble of Sahabah, some of whom are promised Jannah on the Tongue of The Messeneger and by extension Allah  :  And with great regret, they took advantage of his preoccupation and proceeded to seize the caliphate, steal it, and prevent him from his rightful claim to it. That cowardly act had negative consequences

Or will @Haqiqatjou behave like Madkhalis and call these all insults duna insults?

For more clear cut proof of the Shirk of the Rawafidh  scholars and laymen:

#NEW | THE RAFIDHAH | The People of Shirk & Kufr",Salafi jihadi,
Only Madkhalis would use A.I photo to refute the real one,Salafi jihadi,
"""Kuwaiti constitution on Freedom of Religion &amp; Ideology

Theyre literally doing what the Murjiah state as a condition, to say the manmade law is from Allah",Salafi jihadi,
"""""His point is that youre taking their words out of context. If their statements meant what youre claiming, they would have applied them when addressing the rulers they advised. 

In the excerpts from Ahmad Shakir he clearly states that the legislators in Egypt he was advising are Muslims like him, rather than declaring them mushriks for not ruling by the shariah.""
""
--------------

Nobody took their word out of context, especially muqbil he clearly said ruling by un is shirk.

They don't apply it to their rulers because they're donkeys carrying  a book but that doesn't disprove the facts they've said ruling by the un is shirk",Salafi jihadi,
"""Jam'at Ahl as-Sunnah lid-Da'wah wa'l-Jihd (JASDJ), mostly known as Boko Haram, recently released a video threatening ISWAP. The group in the video appears to be based in the Lake Chad area under the authority of the JAS overall leader Bakura Doro, aka Abu Umaymah.    

The speaker begins by calling ISWAP apostates and deviants, and tells them not to rejoice over the death of Abu Bakr al-Shekawi (Shekau). As a reminder, Shekau blew himself up in 2021 when he was cornered by ISWAP in the Sambisa Forest. ISWAP had called upon him with loudspeakers to surrender, but he refused.    

He adds that after Shekau there are many other Shekaus who dont die and dont change, and who follow his ways and teachings, and will remain until the Day of Judgement.    

He calls ISWAP deviants for not considering regular Muslim civilians apostates for living in territories controlled by the Nigerian government, which JAS describes as the general of the polytheists. This is a major difference between JAS (Boko Haram) and ISWAP, as the latter only sees the military, their auxiliaries, and Christians who dont pay the jizyah as legitimate targets. By contrast, JAS views everyone living under the apostate governments as legitimate targets, which is the reason behind the recent bombings in Maiduguri by JAS.    

The speaker then addresses ISWAP again, urging them to repent before JAS destroys them, and says that if they do, they will be safe from them.  

He then greets JAS fighters in all their provinces, the Mandara Mountains, and Sadikus mobile faction in the northwest and north central, as they renew their pledge of allegiance to Abu Umaymah. Children are visible among the group.""",Salafi jihadi,
""" THREAD

Abu Yahya al-Muhajir

the Nigerien fighter in the ranks of ISWAP who was killed by JASDJ",Salafi jihadi,
"""The Difference Between Dr al-Islm and Dr al-Kufr:

Ab Ysuf, the companion of Ab anfah, said:

A land is considered Dr al-Islm when the rulings of Islam are manifest in it, even if most of its inhabitants are disbelievers. And a land is considered Dr al-Kufr when the rulings of disbelief are manifest in it, even if most of its inhabitants are Muslims.
[al-Mabs by al-Sarakhs 10/144]

Ibn Mufli al-anbal said:

Every land in which the rulings of the Muslims prevail is Dr al-Islm, and if the rulings of disbelief prevail in it, then it is Dr al-Kufr. There is no third category beyond these two.
[al-db al-Shariyyah 1/213]

Ibn al-Qayyim al-Jawziyyah said:

The majority said: Dr al-Islm is that land in which the Muslims reside and upon which the rulings of Islam are implemented. Whatever the rulings of Islam are not implemented upon is not Dr al-Islm, even if it is adjacent to it.
[Akm Ahl al-Dhimmah 1/266]

Al-Q Ab Yal al-Farr said:

Every land in which the dominance is for the rulings of disbelief over the rulings of Islam is Dr al-Kufr.
[al-Mutamad f Ul al-Dn, p. 276]

Al-Ksn said:

When the rulings of disbelief become manifest in a land, it becomes Dr al-Kufr; a land becomes Dr al-Kufr by the manifestation of the rulings of disbelief.
[Badi al-ani 9/4375]

Muammad ibn al-asan al-Shaybn said:

Every land is attributed either to Islam or to disbelief. A land is attributed to Islam when its rulings are implemented in it, and it is attributed to disbelief when its rulings are implemented in it. Just as one says Paradise is the abode of peace and Hell is the abode of ruin, due to the presence of peace in Paradise and ruin in Hell. Likewise, the manifestation of Islam or disbelief is by the manifestation of their rulings.
[Badi al-ani 9/4375]

Manr al-Buht said:

Hijrah is obligatory upon one who is unable to manifest his religion in Dr al-arb, which is the land where the rulings of disbelief prevail.
[Kashshf al-Qin 3/43]

Al-Allmah amad ibn Atq said:

Whoever has familiarity with what the verifying scholars have established knows that when shirk becomes manifest in a land, prohibited matters are openly practiced, and the symbols of the religion are abolished, then it becomes a land of disbelief, its peoples wealth may be taken and their blood made lawful. The people of this land have gone further by openly insulting Allah and His religion, and they have established laws which they enforce upon the people, in opposition to the Book of Allah and the Sunnah of His Prophet (salallahu alayhi wa salam). And you know that this alone is sufficient to expel the one who does it from Islam.
[al-Durar al-Saniyyah 9/257]

The Mufti Muammad ibn Ibrhm l al-Shaykh said:

A land in which judgment is made by man-made law is not a land of Islam, and migration from it is obligatory. Likewise, if idoltary becomes manifest without being condemned or changed, then migration is obligatory. Disbelief, by its widespread prevalence and open manifestation, renders it a land of disbelief.
[Fatw Muammad ibn Ibrhm 6/188]""",Salafi jihadi,taqlidi
"Desi Ikhwanis are arguably the most pathetic people in this region. While they present themselves as devoutly Islamic, they simultaneously support tyrants who openly oppress Muslims. They do this merely because it serves their agenda and ensures the survival of their...",Salafi jihadi,
"1) Be consistent, make a tweet calling out your madkhali fruity, vile behaviour on a refuting cowarij live - and call out Shamsi for being their teacher. 
2) Explain why your ustadh Shamsi affirms Islam for grave worshipper Asrar Rashid. 

Im waiting.",Salafi jihadi,
Turn your comments on you lil madkhali scared chicken  let me expose you and your teacher shamsi,Salafi jihadi,
"""""@unveilingbaatil @ameeniooo Buddy youre the same guy that was too afraid to rise on the panel after we asked you to rise but you stayed in the comments like a good little boy sticking to your script.""
""
--------------

Want to explain why your ustad Shamsi, affirms Islam for Quburi and caller to shirk Asrar Rashid ? Or are you going to remain silent as you did on the TikTok live",Salafi jihadi,
"This pipeline of LGBTQ+ madkhalis needs to be studied. 

Your fellow  madkhali (Razi) was on the same live panel TODAY as YOUR friend @Hamaza000_ 

So you lied, and the Madkhalis still carry on fantasising about homosexual acts publicly 

Why did you lie for ? @ameeniooo",Salafi jihadi,
"Isnt this you ? @ameeniooo - With your logic, surely we can to attribute the madkhali debaters on TikTok to your teacher Shamsi. (These Shamsi watchers are only staying consistent to their principles right ?)",Salafi jihadi,
"Ruling on salah behind a Madkhali

lol",Salafi jihadi,
"""No, hes not Salafi

Abu Kahdeejah doing AK things lol",Salafi jihadi,taqlidi
"""""Salafiyyah is the solution""
""
--------------

Salafiyyah and its bowing down to the Saudi government, the same government that imprisons and tortures the true followers of the salaf.",Salafi jihadi,
"""Spubs Shaykh Nizar bin Hashim al-Abbas has a whole audio about current affairs including A warning against the Emirati state.

Why isnt Nizar an Ikhwani Qutbi Khariji Sururi Takfiri for this? He was making Du'a for the Emirates back in 2016, what changed?",Salafi jihadi,
"""Dans lexplication de la Aqida at-Tahawiya du shaykh Hamud Ibn Uqla ash-Shuaybi  , Le shaykh explique que le critre du bonheur et du malheur est la fin sur laquelle la personne meurt",Salafi jihadi,
"""Al-Fudayl ibn Iyad, may Allah have mercy on him, said:
If you see oppressors taking revenge on other oppressors, stand and observe in astonishment.

When you see the greatest enemies of Islam in this era, those with the most blood of Muslims on their hands, turning against one another and weakening themselves through their conflicts, let your heart be soothed and turn to Allah in gratitude.

Sometimes, Allah soothes hearts by letting oppressors and tyrants orchestrate their own downfall through their conflicts and wars.

We make the wrongdoers destructive to one another because of their misdeeds. (6:129)

The parties involved in this war, the US along with their awliy, the leaders of the Gulf, as well as the Rafidah and the Yahud, are enemies, equally guilty and steeped in crimes against Islam and Muslims. Their hands are stained with the blood of countless innocents, and to true believers who grasp the depth of their kufr and the enormity of their crimes, each is as condemned as the next, none surpassing the other in guilt. They vied ruthlessly in their oppression and in betraying the Muslims.

Malik ibn Dinar, may Allah have mercy on him, said:
""I read in the revealed Books of Allah that Allah, the Exalted, said: I destroy My enemies through My enemies, and then I destroy them through My awliy.""

May Allah prolong their strife so that they are preoccupied with one another and weakened, and may He raise to leadership on this earth the Muslims they betrayed, oppressed, and harmed, so that Tawheed may be established across the earth!

May Allah safeguard every innocent Muslim wherever this conflict occurs!

Ahmad Musa Jibril
2 Shawwal 1447 AH""",Salafi jihadi,
""" Beware of listening to Scholars of Taghut, those who gave their allegiance to Taghut, or defend its rule or justify its Kufr 

 By Allah they are Magicians and their speech is Magic, they take people outside Islam using Islam 

-""",Salafi jihadi,
"""Movement: Murji'ah (Madkhalis)

Strategic Action: Bootlick secular Western puppet Tyrants, betray Muwahidn globally, spread Irja', distort, deceive, and justify every action of polytheism under the sun.

Ideological Goal: Strengthen the Israeli/US foothold in the Muslim World.""",Salafi jihadi,
"""Salafis: Obey the ruler that hates &amp; belittles the Shariah you kharijis",Salafi jihadi,
"""Standard Madkhali idiocy exposed by their lacking of basic reading comprehension, as well as doing us a favor by using as proof the quote (likely copied and pasted from another Madkhali Zindq) that refutes him. He conveniently doesnt underline the part that exposes and refutes his mutilated understanding.

Shaykh Al Islam said in the same scan this Madkhali Zindq provides:

So those people, if they know that it is not permissible for them to judge except by what Allah has revealed (here Ibn Taymiyyah establishes they dont do creedal Istihalal), yet they do not adhere to that (here Ibn Taymiyyah distinguishes between creedal belief, and not outwardly adhering to something); rather, they deem it halal (linguistically, i.e., Istihlal Amali) to judge contrary to what Allah has revealed  then they are disbelievers.

Istihlal Amali by consensus of Ahlul Sunnah isnt Kufr or Shirk, unless the action itself is inherently Kufr or Shirk. If this is merely about linguistic Istihlal to govern by man made laws, what do you think it is with legislating man made laws yourself? Did Ibn Taymiyyah make Tawbah from this Fatwa before he died? Keep in mind, Ibn Taymiyyah starts with There is no doubt, and this is a point of consensus amongst the classical Muslims. 

This moron Madkhali highlights the latter Istihlal, thinking its creedal, when the sentence before it explicitly negates that. This more or less, summaries how Madkhalis are with Daleel.

This is why, 99% of every Madkhali Shubuha can be refuted with simply possessing basic Arabic reading comprehension.""",Salafi jihadi,
"""""Does believing in a different creator for the universe constitute shirk?

Muhammad Yasir al-Hanafi, the popular Ash'ari theologian, answers the question. 
""
--------------

British deobandis arent exactly the brightest people youll come across but when this guy speaks you can tell he must have been slapped around the head a bit too hard at his Dar ul-uloom. 

These 2 ayt alone refute the kufr this jhil just spewed.",Salafi jihadi,
"And remember, the Rafidha have never and, will never,  benefit the Ummah of Muhammad . May Allah destroy them along with their zionist twins. Ameen",Salafi jihadi,
"""Sayf al-Ar has more criminal statements,

In this post he says:

- The Chechnyan Jihd was illegitimate and was incited by takfr terrorists who killed sunns like Kadyrov 

- Ramzan Kadyrov is a good sunn muslim who loves Allh and his Rasl  

- Kadyrov Saved Chechnya",Salafi jihadi,
"""These are the charlatan Traditional Azhari Sufis who get invited to the West to speak. Defenders &amp; legitimisers of the openly secular apostate Sisi. A fan of the usual deviants of course (Ali Gomaa, Habib Ali Jifri, Yusri Jabr).",Salafi jihadi,
"""No one wants to hear it, but the states that provide the most cover to Israel (UAE, Egypt, Morocco, Saudi, Jordan etc) all have leaders that are closer to the beliefs of Haatim Al Awni than of Muhammad Ibn Abdul Wahab

Yet all the focus is on madkhalis &amp; wahabbis  why?""",Salafi jihadi,
"""Haatim al-Awni is a huge fan of MBS, yet some people want you believe he is some sort of Shaykhul Islam of our time.",Salafi jihadi,
"""Some of the rulers think that giving up part of their religion to please the Kuffar will stop their pressure. Every time they take a step down, they push them down another. Steadfastness is one thing &amp; pressure is another. For their goal is Until you follow their religion.",Salafi jihadi,
"""""the Deputy Speaker of the National Assembly prevented Junaid Akbar from speaking against the petrol price hike.

this government is so shameless it will not even allow the suffering of the poor to be voiced. 
""
--------------

And this circus is termed as ""Majlis e Shuraa"" in the constitution.
What a mockery of Islam...

This pagan system of ""Democracy"" can never be equivalent to Islamic Shuraa system.

May Allah rid our beloved country of the tyrants and replace them with men of Islam. Ameen",Salafi jihadi,
"""""@unveilingbaatil I dont take from Abu Khadeejah either nice try ""
""
--------------

My apologies, you are from the other end of the madkhali spectrum. Heres a clip of ARH getting cooked by chief mushrik of Birmingham Asrar Rashid .  ARH is from the Ghulat al-Murji'a - heres why:",Salafi jihadi,
"""Throughout the years of benefitting from Shaykh Ahmad Musa Jibril (may Allah preserve him), one principle consistently shines through in his teachings:

His unwavering commitment to being a voice for the oppressed, prisoners, and those who cannot speak for themselves.

The Shaykh's profound concern for the Muslim ummah isn't also new; it's evident even in his writings from the early 2000s, revealing the depth of his love and compassion for the believers.

This is precisely why the recycled lies and slander against him are always futilethey cannot damage a da'wah built on such sincerity and care for the ummah.

As the Shaykh himself consistently reminds us: ""The point is to ONLY please Allah alone, for you will never be able to please the creation.""

May Allah preserve our Shaykh, increase him in beneficial knowledge, and accept his righteous efforts.

May Allah grant freedom and relief to all Muslim prisoners unjustly detained, strengthen their patience, and reunite them with their families.

May Allah humiliate and expose those who slander the people of haqq while defending the modern-day tawagheet who are enemies of Him and His religion. May Allah seal their tongues and protect the ummah from their misguidance.""",Salafi jihadi,
"""THIS IS NOT THE END

Shaykh Suliman al Alwaan (may Allah free him) said:

The fall of Dr al-Salm, Baghdad, and other Islamic lands is not the end of the world nor the end of Islam. Let the gloaters be disgraced. The future belongs to this deen, and soon the last part of this Ummah will be joined to its earliest part. So we must not weaken, nor should our efforts cease in supporting Muslims everywhere. Allah has praised those who face trials and hardship with steadfastness and patience. He said: And when the believers saw the confederates, they said: This is what Allah and His Messenger promised us, and Allah and His Messenger spoke the truth. And it increased them only in faith and submission.

These trials and hardships that befall the Muslims are a test, a means to distinguish the wicked from the good, the righteous from the corrupt, and the truthful from the liar. The believers increase in faith, while the hypocrites and those who worship Allah on the edge (I.e. in doubt) weaken, fall into cowardice, and show gloating. They say, If they had obeyed us, they would not have been killed. Allah the Exalted said: And among the people is he who worships Allah on an edge. If good befalls him, he is content with it; but if a trial touches him, he turns back on his face. He loses both this world and the Hereafter, that is the clear loss.

And He said: And among the people is he who says, We believe in Allah, but when he is harmed in Allahs cause, he considers the trial of the people as the punishment of Allah. But if victory comes from your Lord, they will surely say, Indeed, we were with you. Is not Allah most knowing of what is within the breasts of all beings?

And upon those whom Allah has entrusted with this great responsibility, such as the imams of mosques and others, is to urge the worshippers toward piety, repentance to Allah, giving them glad tidings of victory and empowerment, and making them aware of what the spiteful West intends, and what their brothers among the hypocrites, secularists, and the like are planning: a comprehensive assault on Islam and the Muslims, as they have openly declared a crusade.

They must work by every possible means to halt their advance and repel their aggression against the sanctities, wealth, and honor of the Muslims, and to strive against them with wealth, lives, and speech. For the Prophet  said: ""Strive against the Mushrikeen with your wealth, your lives, and your tongues.""
Reported by Imam Ahmad in his Musnad (12246), Ab Dwd (2504), and al-Nas (3098) through the narration of Hammad ibn Salamah, from Humayd, from Anas. Its chain is sound.",Salafi jihadi,
"As every genocide amongst the Muslims become apparent, it exposes the madakhilah even more and the heresy they stand for .",Salafi jihadi,
"""Everyone already knows that shaykh doesn't give udhr on major shirk but your jahil self  in that tweet of yours claimed that the statements of this individual in that vid matched the principles of Shaykh Musa""",Salafi jihadi,
"""Tell me Madakhila Mazbalah are R3tarded without saying so 

""AMJ Claims he can read intentions""

Shaykh Ahmed Musa Jibril Hafidullah

""And Allah knows best""

R3etard Madkhali Zindeeq you can judge someone based on his actions and Saudis actions is submission to America""",Salafi jihadi,
"""Ahmad Ms Jibril Regarding the Attacks Against Him on Social Media:

""I know my reputation is tarnished beyond what can be redeemed, and I accept that. May Allah make it a means for me to enter al-Firdaws.""""",Salafi jihadi,
"""Murji Haddadi: Who from the Salaf makes takfir on replacing the Shariah?

Muslim: Well Imam Tabari is very clear on this",Salafi jihadi,
"""""New Publication (2026)

Defending the Scholars from the Accusation of Irj

Refuting the claims of the adddiyyah (Abd Allh al-Jarb, Amad al-zim, Hishm al-Beely etc.), that Shks. al-Albn,  Rab and others are upon Irj.

140 pages, A5
 
""
--------------

Madkhalis are finished",Salafi jihadi,
"""""Salafi/Madkhali publications affiliated Sudani Shaykh Nizar ibn Hashim al-Abbas regarding the UAEs actions in Sudan. Imagine if someone else said this, he would be labelled a Takfiri Khaariji Ikhwaani Qutbi immediately. 
""
--------------

When a person online says the UAE is waging war on Islam they get refuted, but when one of Salafi Publications' own scholars says the same thing, they dont even mention it &amp; they continue quoting him. One rule for me &amp; another for thee.",Salafi jihadi,
"""A Madkhali will tell you their sheikh who didnt even kill a single kaffir soldier is a mujahid, but the men who actually did all happen to be evil ikhwani kharijis and arent following islam.""",Salafi jihadi,
"""Si ibn Taymiyyah tait vivant aujourdhui il taurait dclar mcrant""",Salafi jihadi,irrelevant
"The murjiah continue to sow seeds of disunity amongst themselves, just as they attempted to sow seeds of disunity amongst the ummah",Salafi jihadi,
"""Ahmad Ms Jibril Regarding the Attacks Against Him on Social Media:

""I know my reputation is tarnished beyond what can be redeemed, and I accept that. May Allah make it a means for me to enter al-Firdaws.""""",Salafi jihadi,
"or one who dies in Asqaln while stationed for rib,

granted this distinction due to the amount of enemies there,

and like one who passes away during a time of corruption in his era,

holding firmly to the pure, radiant Sunnah.",Salafi jihadi,irrelevant
"""#NEW | THE DEBATE CHALLENGE: Abdullah Jarbu

By: Ash-Shaykh Ahmad Musa Jibril (  )""",Salafi jihadi,
"""Shaykh Al Islam, the Imam of the Imams, Ibn Khuzaymah Al-Shfii Al-Wahhbiyy (d. 311 AH) said about the quoted Mushrik fellow and his Jahmi cult:

Whoever does not affirm that Allah the Mighty and Majestic has Rose above His Throne above His seven heavens  he is a disbeliever in his Lord, his blood is lawful. He is to be called to repent; if he repents, well and good, otherwise his neck is to be struck, and he is to be thrown onto some of the rubbish heaps so that neither the Muslims nor the dhimms are harmed by the putrid stench of his corpse. And his wealth becomes fay  no Muslim inherits from him, for a Muslim does not inherit from a disbeliever, as the Prophet  said: A Muslim does not inherit from a disbeliever, nor a disbeliever from a Muslim.""",Salafi jihadi,
"""Youre a Kafir, and hes a Kafir, and whoever knows of him and his actions, yet doesnt label him a Kafir, is also a Kafir who hasnt smelt the scent of Islam. The Muslims get closer to Allah by Takfiring you and your likes, as well as your filthy Tawagheet.""",Salafi jihadi,
"""I dont like to comment on spubs minions too much, since it can be likened to abusing the mentally handicapped, but some instances its a must to highlight just how illiterate they are. This Zindq Madkhali is attempting to refute a brother for allegedly misrepresenting, only to misrepresent it himself and refute himself. This is standard Madkhali refutation protocol. Copy and paste, cringe flex on social media, and hope the audience is just as illiterate as him.

This idiot fails to read the two words before the highlighted word. Which say:     meaning, Even if he doesnt believe [that this system of governance] is better than the governance of the Shariah].

This brain dead kid saw the word  and thought the author is conditioning believing a certain system of governance is better than the Shariah, for it to be Major Kufr, when in fact the author does the opposite. Lol, Miskeen. The real kicker for this illiterate kid, and perhaps the pen is lifted from him  is when you read the statement as a whole, when the author (Ibn Baz) is describing nullifiers of Islam:

      (1)                (2)                                       .

And included in that also is everyone who believes that it is permissible to govern by other than the Sharah of Allah in transactions, or prescribed punishments, or other than them  Even if he doesnt believe that [this system of governance] is better than the governance of the Shariah  because by that he would have permitted what Allah has forbidden by consensus. And everyone who deems permissible what Allah has forbidden  from that which is known of the religion by necessity, such as fornication, wine, usury, and judging [between the people] by other than The Sharah of Allah  then he is a disbeliever by the consensus of the Muslims.

Perhaps the Madkhali will persist in his idiocy and illiteracy, because they notice the word  again here at the beginning. The Madkhali trope is to say that  in this passage [and others] can only mean  with respect to the Shariah of Allah. The response to this only requires 3rd grade reading comprehension.

When the author first uses it, its (1)  , and when he uses it later on (2) its referring to  , and the proof for that, is he distinguishes between two different shariahs by using them to contrast one another.

The Madkhali reading of the text, and I use reading very loosely here: 

Its Kufr only if someone believes its allowed within the Shariah, to govern by other than the Shariah even if they dont believe their [innovated] shariah is better than the Shariah of Allah.

How can you ascribe something to the Shariah, yet at the same time distinguish the same thing you attributed to the Shariah, to another shariah?! The statement doesnt even make sense if read this way.

The reality is, the author distinguishes between two shariahs, so by basic reading comprehension, the use of  cant be the same for both instances, because if so, the latter use would contradict its former use.  Rather what is obvious and clearly the intent, is that the latter use of  qualifies the use of the former .

In this statement alone, the author highlights the mere action of [permanently] governing by other shariahs as Kufr, even if only in some matters, and that such an action is Kufr by consensus. He also highlights how scholars have used , which will be highlighted in a future video InshaAllah.

Madkhalis are by far the most intellectually handicapped of the claimants of Islam, only rivaled by Jahmis (modern-day Asharis).""",Salafi jihadi,
"""Update on Sheikh Ali Al-Timimi:

Five years ago, Dr. Ali was released into home confinement, where he remains. At that time, he had served 15 years of a life plus 70-year sentence, all of which was in solitary confinement and under SAMS. 

In the summer of 2024, the lower court finally ruled in his favour and removed the life and 30 years from his sentence, leaving approximately 25 years of the original sentence. Since then, Dr. Ali has finally been allowed to appeal the original conviction and the remaining 25 years of that sentence. 

This is the first time in US legal history that a person has had to wait 20 years to have the opportunity to appeal his convictions.

Depending on how the appellate court rules, Dr. Ali will be cleared of the charges against him or compelled to return to prison to complete the remaining 25 years.

Given that he is in his 60s, a 25-year sentence is an effective death sentence. Please keep him in your prayers and inform as many well-wishers as possible.

 Idris Palmer (@AIdrisPalmer)""",Salafi jihadi,irrelevant
"""""@nahafghan LoL

""
--------------

What's wrong with having ties with Mujahideen whom are fighting the corrupt global order of disbelievers?",Salafi jihadi,
"""Maahir al-Qahtaani whining about Shaykh Abdur Rahman al-Barrak because he doesnt speak against Sururis and Ikhwaanis.",Salafi jihadi,taqlidi
"""""Crazy Egyptian Madkhali Ahmad bin Amarah says that the money given to Trump &amp; other Kuffar by the Muslim countries comes under the legitimate Zakat category Bringing the hearts together to repel their evil &amp; the evil of Iran.""
""
--------------

Salafis mayn",Salafi jihadi,
Marxists will never forgive salafi jihadis for being more competent than them in literally everything,Salafi jihadi,
"""This is the same Jaahil uncle that goes on about unjust Takfir, Takfiris &amp; Khawaarij. He seems to have a very strange obsession with Ahmad Musa Jibreel (someone who actually has knowledge), who as far as I know has never even given him the time of day lol.",Salafi jihadi,
"""This is a nasheed of Chechen Mujahideen fighting against the Russians in Chechnya in 2001

May Allah destroy the Russian State and free the millions of Muslims from under their occupation.",Salafi jihadi,
"""Shaykh Ahmad never lowers himself to entertain the noise of those who slander and belittle him, for he knows that truth is not measured by the tongues of people, nor is it shaken by the accusations of the ignorant. He remains firm, dignified, and focused upon the path of truth, unpolluted by baseless slander. But his silence is not weakness, and his restraint is not an admission to any defeat. 

Rather, it is upon usthose who recognize his sincerity and his service to the truthto rise and defend his honor. When lies are spread and distortions are weaponized, remaining silent becomes a betrayal to the Shaykh, more-so to a brother in Deen. 

We shouldnt  abandon him to the arrows of slander. Stand up and defend himseeking not his praise, but the pleasure of Allah in upholding truth and repelling falsehood.""",Salafi jihadi,
"""Truth is waswasah piercing accurate. He is a scholar of Haqq. A caller of the true salafi manhaj. 

Not the fake self-contradicting ""salafis"" whose ""scholars"" frequent the palaces, the tails of the tawaghit of today who have replaced the law of Al-akam on lands of muslimn.",Salafi jihadi,
"""Spubs Shaykh Nizar bin Hashim al-Abbas has a whole audio about current affairs including A warning against the Emirati state.

Why isnt Nizar an Ikhwani Qutbi Khariji Sururi Takfiri for this? He was making Du'a for the Emirates back in 2016, what changed?",Salafi jihadi,
"""""None of those things are worse than suicide bombing, banning female education, bacha bazi 

All things the so called ""Islamic Emirate"" thrive in 

Want to know the aqeeda of many Afghans? Not a single Muslim nation has full diplomatic relations with them""
""
--------------

Shirk and Kufr are worse than anything.",Salafi jihadi,
"""Crazy Egyptian Madkhali Ahmad bin Amarah says that the money given to Trump &amp; other Kuffar by the Muslim countries comes under the legitimate Zakat category Bringing the hearts together to repel their evil &amp; the evil of Iran.""",Salafi jihadi,
"""This Jahmite is one of the most disgusting people that exists. 

The salaf didnt like people with huge disgusting unkept beards/ in that context they would say the longer your beard the less intelligence

Forget his support for the Kuffar/ and best friend whos an enemy of Islam",Salafi jihadi,
"""In a significant development, Saa'd, the former JNIM leader who defected recently to the Islamic State Sahel Province has released several audio statements explaining why he defected:

1) He accuses JNIM leaders of not applying Shariah (Islamic law) in its totality, despite him urging them to in several meetings with other senior JNIM and AQIM leaders, who found excuses in ""politics and lack of ability"" despite them ""not hesitating to collect zakat from Muslims"".

2) He says the JNIM accusation of IS-Sahel being ""kharijites"" is unfounded and has ""no basis in the Qur'an or Sunnah"".

3) He said he did not leave to IS looking for fame or money, because he was already ""well-off"" in the ranks of JNIM, and he only defected because he saw that the Islamic State's ""actions matched with their words"".

4 He accuses JNIM of negotiating peace deals with Benin and Ivory Coast, which he deems as not ""befitting to a Muslim to seek reconciliation with apostates"".""",Salafi jihadi,
"""Dont be fooled by all these Madkhalis making Takfir of the UAE and some select citizens, as if the justification of Takfir hasnt been present for decades. The only changed variable is that Saudi Arabias foreign policy towards the UAE has shifted, and as good little Taght poodles, the western Madkhalis have begun barking in the direction their masters point them towards. May Allah guide the sincere amongst them and destroy the rest.""",Salafi jihadi,
"""Rabi is known for slandering Sayyid Qutb ( ) over earlier mistakes. Sayyid Qutb was a man whom Allah blessed with eloquence and many have benefited from his works, especially his Tafsir.

Now read what Shaykh Bakr Abu Zayd said about Rabi in comparison",Salafi jihadi,
"Ya Allah , grant all of us young men to follow the footsteps of these heroes of the ummah. 
At the tender age of 14 he had chose the path of sacrificing his life for his people and Allah . Truth be told at that age , I never had a care of thought in mind  and what future would await . Many of us do not practice what we preach and suffer in nifaaq , I ask Allah to rid us from this disease .",Salafi jihadi,
"""These madkhalis are genuinely heartless, vile and completely stripped of any real sense of mercy. Pray you never get tested with the very things you laugh at and wish on others and pray ur own womenfolk are never put in those same conditions detained, abused, stripped of dignity""",Salafi jihadi,
"""You'll find that most of the ppl who slander the noble Shaykh Ahmad Jibrl   to be the most ignorant in regards to his vast qualifications, his sacrifice &amp; struggle in the cause of Allh, &amp; they've never even listened to a single series of his before opening their mouths.""",Salafi jihadi,
"""Which muslim rulers legalises and pays for a kaafirah singer to insult Allah and says that ar riqq is wrong and builds idols? 

Thats a Muslim ruler to uv""",Salafi jihadi,irrelevant
"""Shaykh Sulaymaan al-Alwaans Dua for the Ummah &amp; the prisoners.",Salafi jihadi,
"""Hilarious thing is yasir al Hanafi is sectarian in chief. Doesnt have the best manners.

Asharis and quburis are so hypocritical. They despise us in every way but pretend to be cordial""",Salafi jihadi,
"""""Hilarious thing is yasir al Hanafi is sectarian in chief. Doesnt have the best manners.

Asharis and quburis are so hypocritical. They despise us in every way but pretend to be cordial""
""
--------------

Dont forget asharis and quburist sympathisers that I can violate the hell outta you mandem. 

But I know that thats not the way someone should engage with. 

The plan is to respond to evil and vile behaviour with one that isnt the same level",Salafi jihadi,
"""""You need to do a basic text on Muslim aqeedah before you teach me adab.

Adab has its place and time.

When people like you, under the cover of adab, cheer for enemies then adab is put aside. 

I asked you for an adab podcast on this, you ignored.

Clearly adab is not working. 
""
--------------

Hilarious thing is yasir al Hanafi is sectarian in chief. Doesnt have the best manners.

Asharis and quburis are so hypocritical. They despise us in every way but pretend to be cordial",Salafi jihadi,
"I dont understand how the madakhilah can claim great muhaqiqn like shaykh Ahmed ash Shakir,shaykh Abdul qader al arnout when they opposed the atheistic views of their own scholars like Ahmed an najmi (may Allah burn him for eternity) for allying with kuffar against the Muslims",Salafi jihadi,
"Kufr of seeking judgment from the United Nations @UN 

 Amad Shkir
 Muqbil bin Hd
 Abdullh As-Sd 

Now imagine bragging about how much you believe in the sovereignty of the @UN, abide by its laws and belittle those who do not join in this Kufr?",Salafi jihadi,
"New crazy laws under the Sufi regime in Afghanistan: 

Attributes of a Da'e below : 
 Must be a Muslim and from the Hanafi school of thought 

 Prohibiting a non-Hanafi from preaching

[ Basically if you are a salafi / ahlul hadith then you have no right preach ]",Salafi jihadi,taqlidi
"If they had just mentioned ""Muslims and Sunni""  it would have been alright but to restrict preaching only to hanafis it's madness and fanaticism and wallahi imam Abu hanifa RH would not have approved of this.",Salafi jihadi,taqlidi
"but I'm not hostile towards leaders neither towards shrines over graves and similar. Such person in essence is negator of La llha Ila Allh. He does not believe in Allh nor he performed kufr in Taghut.""

[ad-Durar As-Saniyyh, vol. 2, p. 121/122]",Salafi jihadi,
"""""@BroHajji @just1happycat As an urf, since when do they wear hijab?

You gave academic proofs as to why they should wear it.

There is also scriptural proof why they should believe in 1 God, shouldn't drink/eat swine

But none do due to the corruption of their faith.

Corruption Allah acknowledges in 5:73 
""
--------------

This prostitute of iblis and lover of Zaqqum had the audacity to call me a Jewish agent for takfiring rawafidh and nusayris yet he is married to a Jew and she doesnt even cover

These redpillers are the biggest munafiqeen Wallahi. No surprise whatsoever tho",Salafi jihadi,
"""Kufr of seeking judgment from the United Nations @UN 

 Amad Shkir
 Muqbil bin Hd
 Abdullh As-Sd 

Now imagine bragging about how much you believe in the sovereignty of the @UN, abide by its laws and belittle those who do not join in this Kufr?",Salafi jihadi,
"Certain people are given clear proof of Muslim members of govt (people who make decisions for a Muslim population) mocking the religion &amp; supporting secularism, &amp; their first reaction is to defend the rulers &amp; mention Khawarij. Their Fitrah has been flipped upside down.",Salafi jihadi,
"""""AMJ claims be can read intentions of Saudi rulers but not others

Claims OBL fights for Allah in Sha Allah instead of reading OBLs mind like he did for Saudi

Says Saudis intention was that they fought to support America and it wasnt actually to help Muslims  
""
--------------

These madkhalis have some sick obsession with the tawagheet, to the point where amj explains what he means and they still cant comprehend his simple words.",Salafi jihadi,
"""Three major scholars of 60s-80s:

Every ruler who judges by other than the hukm of Allah &amp; His Messenger  is a Tght, a kfir in Allah.

Murjiah 2000s:

Khariji belief, its kufr dna kufr""",Salafi jihadi,
"""Even though the Islamic Rituals were apparent in his lands, Sakhawi brings a semi ijma' on the takfir of Tamerlane for making the laws of Genghis Khan, the Yasiq constitution, the foundation to rule his government by.",Salafi jihadi,
"""""Thread of entites excommunicated by the Jolani organization(Jabhat al-Nusra, Jabhat Fateh al-Sham, Hayat Tahir al-Sham):""
""
--------------

Look at this and ask yourself how ppl can change literally overnight like this 
I remember a lecture by Ustad Yasir where he explains how a Mujahed that slept in caves like Sayyaf could lose his Iman 
How? By not wanting to lose his wealth that he gathered during his Jihad",Salafi jihadi,
"Sheikh   is one of the few ones in the west who teach real islam without sugar coating the deen.

Madkhalis and zandiqa out there are teaching how to bootlick tawaghit or busy dividing and misguiding the Muslim community.",Salafi jihadi,
"""Why is it always pro Gulf Mashaykh who say this?
Very easy
The Gulf today has same origins as Sykes Picot and colonial creation of Israel by Brit crusaders
They lived under Pax Britannica and now under Pax Americana
Thats why day and night they do nothing but attack Palestinians""",Salafi jihadi,taqlidi
"""""These are the charlatan Traditional Azhari Sufis who get invited to the West to speak. Defenders &amp; legitimisers of the openly secular apostate Sisi. A fan of the usual deviants of course (Ali Gomaa, Habib Ali Jifri, Yusri Jabr). 
""
--------------

Shaykh Ahmed El Azharys nonsensical comment on Jordan Peterson. A whole bunch of waffle about pride, watering down the religion &amp; attempting to make people feel sorry for one of the heads of evil. These individuals are callers at the gates of hellfire.",Salafi jihadi,
"Theyre so proud of their Nifaq &amp; Kufr, its truly sickening.",Salafi jihadi,
Unlike the madkhali slaves of the tawagheet Arab rulers sheikh albani affirms the salaf claiming that rebelling against the ruler IS permissible when there is clear kufr,Salafi jihadi,
"Madkhalis when it comes to billionaire Saudi princes and kings who commit major kufr including aiding the kuffar, 
we dont know whats in the heart,
But with a people born into war poverty and every kind of oppression, the condition of the heart doesnt cross their minds?",Salafi jihadi,
Lets say a prayer for the scholars in the pockets of the tawagheet being tested with the comfort of the dunya.,Salafi jihadi,
"""""People like Salim at-Tawil are the filthiest of the filthiest. 

You are not obligated to do anything for our brothers in Palestine""

Only people like Hamza Yusuf &amp; Bin Bayyah have outdone him in harming Palestinians. 
""
--------------

These traitors are worse than the magicians of firawn, they knowingly lie in favour of their false gods and distort the religion. May Allah humiliate them even more than he already has.",Salafi jihadi,irrelevant
"These jami madkhalis think that Uthaymeen one who supported rebellion and criticised the rulers and even made takfeer of them for the same reasons the jihadis do, is one of them.",Salafi jihadi,
Look how cowardly these donkeys are online and in person. Madkhali raised some rats attack the righteous and hide in the bedrooms.,Salafi jihadi,
When sheikh uthaymeen was a khariji,Salafi jihadi,
""" Imam of Mufassirin, Imam Tabari on Tahakumm to Taghut 

""Whoever says this to Prophet than calls to seeking Judgment elsewhere in disputes are not believers 

-",Salafi jihadi,irrelevant
"""Surely, anyone who knows of the actions of Muhammad al-Eesa, and ascribes Islam to him  let alone believes him to be a senior scholar [of Islam]  has not smelt the scent of Islam. This goes without mentioning those that fund and promote his activities of heresy. (i.e., MBS and co.), and how that itself is enough proof for the Riddah of these enemies of Islam.

Two possible options for Fawzan:

1) He knows Muhammad al-Eesa is a Murtad, but cant say anything because hes afraid of those who inserted him in this position (i.e., MBS & co.). If he cant call out or fix such blatant Kufr, then his appointment is nothing more than a spectacle.

2) He doesnt know the reality of Muhammad al-Eesa, and thus affirms Islam for him. The problem with this, is that how can a Mufti of a land, be so ignorant of who and whats going on in that very land. Moreover, how can the leader of the committee of senior scholars, be so ignorant of the blatant and out in the open Zandaqa of the very members of that committee. Again, it just goes back to his appointment being nothing more than a spectacle.

A shame, Fawzan who is on the doorstep of his coffin, may Allah destroy him  and only Allah Knows when he will perish  cant even take a simple stand of truth, publicly, so that the truth is not clouded nor lost. What will he meet Allah with, to counter his decades worth of legitimizing the thrones of the Tawagheet who fight Islam and the Muslims?!

His current trajectory, and we ask Allah for Salmah, appears to follow in the footsteps of a [Temu] Balm, and be like how Allah Describes:

                             

And had We willed, We would surely have elevated him therewith but he clung to the earth and followed his own vain desire. So his parable is the parable of a dog: if you drive him away, he lolls his tongue out, or if you leave him alone, he (still) lolls his tongue out. Such is the parable of the people who reject Our Ayt (proofs, evidence, verses, lessons, signs, revelations, etc.). So relate the stories, perhaps they may reflect. [7:176]

What a terrible fate awaits the evil scholars that legitimize the Tawagheet. Verily, they themselves are Tawagheet,   .""",Salafi jihadi,
"""""Amad bin Nar al-Khuz and his khurj against Al-Wthiq, the caliph of his time.

What did Imm Amad say regarding him? Did he insult him or praise him?
But do the izbs and madkhals tell you this and teach you this? 
""
--------------

Imam Ahmed   didn't call him a khariji but praised him and made dua, and others had good dreams about  Nar al-Khuz. 

Madkhali scholars and their muqalidin never teach this or even mention it.",Salafi jihadi,
"""@ElyasWahyain This guy is a mushrik , he also believes Allah and his messenger  became one in one of his bayan years ago.""",Salafi jihadi,
"From Mishary al-Afasis new belly dancing song, he mentions the tyrants of the Gulf by name &amp; says We are the people of Tawheed, symbol of chivalry.",Salafi jihadi,
"""Even the Kuffar are noticing the patterns amongst the Madkhalites.""",Salafi jihadi,
"""""Grown man whos been pushing the masculinity gimmick for years on here gets bullied by a pensioner in the real world. Cant make this shit up even on Eastenders!""
""
--------------

This is average redpill and Andrew Tate fanboys.

These mongrels will preach the loudest yet defend vilest of tawagheet and mushrikeen. So selective with toughness cus theyre projecting and pure homo. Xavier, ironfit, Dr Asif, all em are snakes in the grass and cowards",Salafi jihadi,
Shroogis will be chanting baqiyah,Salafi jihadi,
"The same sheikh whos students raided the kabah?
Ubls call was for the tawagheet animals to rule according to Islam and to not take the Jews and Christians as protectors which is what the Quran and Sunnah call to.",Salafi jihadi,
"Seeing the most stupid discussions and q and as in madkhali circles like should one sway whilst reciting Quran or Covid mask nonsense, these deviants are lost.",Salafi jihadi,
"Have we forgotten how the Saudi rulers were on the verge of recognising Israel or how the Arab rulers legitimised the assad regime not long before his fall by inviting him to some Arab summit?
Dont believe these madkhalis who have taken these rulers as their gods.",Salafi jihadi,
"""The Kufr of the UAE summed up in under 2 minutes. Kufr Duna Kufr? Are these tyrants supposed to be listened to &amp; obeyed? The answer is clear.",Salafi jihadi,
"""Shaykhul Islam's fatwa, on the groups that refuse to adhere to any Shari'ah law that is mutawatir even if they don't reject it, become apostates doesn't need any introduction",Salafi jihadi,
"""eyh Ebu Enes e-ami (Allah ona rahmet etsin), 2001 ylnda Bosna, Avrupadayken.",Salafi jihadi,irrelevant
"""Ey kardelerim, bu din laf dini deildir! Bu, ne kadar bilgiye sahip olduunu gsterme dini de deildir! Bu din, Allah iin fedakrlk yapmaya ne kadar istekli olduunla ilgilidir.

eyh Enver el-Evlak ( )",Salafi jihadi,irrelevant
"""OBLs letter to ibn Baz : When the attacking Crusader and the Jewish Alliance - in collusion with the regime - decided in the Gulf War to occupy the country in the name of liberating Kuwait, you allowed this with an arbitrary Fatwa which justified this",Salafi jihadi,
"""Ibn Taymiyyah on Hakimiyyah Part XVII

Whenever a scholar abandons what he knows from the Book of Allah &amp; the Sunnah of His Messenger  and follows the hukm of a ruler that contradicts the hukm of Allah and His Messenger, he becomes a murtad &amp; a kafir, ...",Salafi jihadi,
"""In a book written about Shaykh Muqbil, a student compiled a vast number of Golden quotes of the Shaykh. Below are some quotes that would get anyone else labelled &amp; refuted.

I believe that the majority of the rulers of the Muslims have become a calamity upon Islam.",Salafi jihadi,
"""Sh Hmd bin Uql Ash-Shuaybi rh:

- Last true Najdi
- Made takfr of l-Sad, supported J against kuffr
- Beloved close student of Mufti Ibn Ibrhim, Shinqt, Bin Bz
- Friend of Ibn Uthaymn who helped him leave prison
- Professor in Riyadh 20+ yrs",Salafi jihadi,
""""" The Land of Tawheed   
""
--------------

"" Etidal "" founded to combat extremist ideology (Al-wala' wa-l-bara') and promote tolerance and coexistence (wahdat  al-adyan) and the founders are Trump and Murtad king Salman al Saud.

Will the Madkhalis still say that Salman is a Muslim ?
and that Saudi is the land of tawhid ?",Salafi jihadi,
"""""This is for every head of state that simps/salutes Trump thinking he would respect them in return. He knows youre kissing his ass and he will squeeze you for every last drop of utility then discard you. 

 
""
--------------

Madkhali's favourite leader MBS is kissing trump's butt, this is the respect your murtad leaders get in return.",Salafi jihadi,
"""We didnt leave a life of kufr, chasing women, Grandmas comfortable inheritance, etc. just to embrace Islaam, and get impressed by fcuking Taghut Tate, Neek Fuentes &amp; and all these other lame trash bags . You have got to be kidding me.""",Salafi jihadi,
"""Sh Saleh l-Shaykh

Kuwait, Egypt, Syria, Tunisia, Libya governments are all mushrikn as they defend &amp; protect those who make istighthah",Salafi jihadi,
"""Many may not remember but a few years ago Habib Ali Jifri said that the Uyghur issue is a political issue, not religious &amp; that half of the Uyghur population are Kuffar. He had to write a retraction/clarification, even in his intro he was parroting Madkhali language.",Salafi jihadi,
"""The heretic Sufi Jifri says to Kafirov in this video Rasulullah () would be happy at you meeting Shaykh al-Azhar (Ahmad at-Tayyib) as you raise the Sunnah by this.""",Salafi jihadi,
"""Mishary al-Affasi in his latest cringe nasheed sings: Perish the hands of Iran and those with Iran; we are the people of tawhid, and as the head of the people of tawhid he displays the likes of the Zionist MBZ.
The same clown is close to the vicious anti-Wahhabi Ash'ari taghut Ramzan Kadyrov (attack dog of Putin), who invited him, and he went and sang nasheeds in Chechnya, where Salafi brothers and sisters are tortured and raped in dungeons. Of course,  Majoosi shirk-defenders like Haqiqatjou would call this embarrassing grifter al-Affasi a Wahhabi, whereas every Muslim with a functioning brain knows that al-Affasi could not be further from the manhaj of the Salaf.""",Salafi jihadi,
The ulema and those like them in the dungeons of the tawagheet have obeyed Allahs command in not inclining towards the oppressors even tho it has harmed them whilst those scholars have disobeyed Allah and sold the deen for a small amount of comfort in the dunya.,Salafi jihadi,
"Abu Hanifa refused to assume the position of judge until Ibn Hubayra tortured him. He was also subjected to torture during the reign of Abu Ja'far al-Mansur. He refused to accept the judgeship because, by doing so, he would legitimize their authority. Abu Hanifa died in prison.",Salafi jihadi,taqlidi
"You can call out whoever you want but you were a munafiq the day you sided with the disbelievers over the believers, the day you submitted yourself to the tawagheet and rejected the deen of Allah.
May I live to see this pig humiliated with his false god mbz ameen.",Salafi jihadi,
"Madkhalis are like munafiqeen with the treacherous rulers they will forget Quran and Sunnah and obedience to Allah and his messenger for the sake of the tawagheet, this nifaq is out there for all to see.
They love and fear the ruler more than Allah.",Salafi jihadi,
"""""@warfareanalysis &amp; before that US managed to kill at least 500 000 babies below 5 years old as a result of the blockade 
""
--------------

Watch this
And tell me again you respect the poor Shuyukh that didnt know better and allowed these atrocities to happen via their evil fatwa
Indirectly they had a hand in the murder of hundred of thousands children  
May Allah judge them accordingly",Salafi jihadi,irrelevant
"""""Le devoir de notre pays est de protger le Liban, sa population et sa souverainet. Ce pays est une nouvelle fois la victime collatrale des tensions dans la rgion, subissant des bombardements massifs sur sa capitale. 

Je soutiens la proposition de la France dinclure le Liban dans le cadre du cessez-le-feu rgional.""
""
--------------

How you know colonialism was never over and independence is a farce from Morocco to Indonesia so that ppl wont take arms against puppets
Look at this, she and Macron are on same side when it comes to their protectorat
Thats why Madkhalis are accomplices as they uphold this farce",Salafi jihadi,irrelevant
"""Q: Can ignorance be excused when it comes to  Voting. 
Sheikh Abu Ammar Hammad ( ) 

:         
       ( ) 

[Pashto - English Subtitles]",Salafi jihadi,taqlidi
"""The awght of the UAE
To the Yahd, they bow and extend allegiance through the Abraham Accords, a modern veil for wal to the Yahd and global powers.
To the Nar, they offer the so-called Abrahamic House.
To the mushrikn, they open their doors, erecting Hindu temples and idols.
But to the Muslimn, in Al-Fashir, in Sudan, and beyond, they send funding, weapons, and aid, fueling slaughter, spreading terror, and staining the earth with innocent blood. They build palaces for their enemies while digging graves for their own.

As the poet once said:
    
   
   
   
How many serve the throne,
masked as masters, yet chained as slaves?
Dogs before enemy,
fierce as wolves against their own.

These events reveal not the rulers themselves, their servitude to the enemies of Islam has long been clear. Rather, they expose the shuykh who defend them, legitimize them, and the deluded followers who anoint such tyrants as legitimate rulers, labeling all who resist them as khawrij.

And above all, they expose the Wests hypocrisy: when the executioner is a friend of the US and the Yahd, when Sharah is flouted, and the victims are Muslim, the world does nothing. No coalition of 89 nations rises; no outrage is voiced; no terror labels are issued. Silence becomes policy. Indifference becomes law.

May Allah protect our brothers and sisters in Al-Fashir, shield them from harm, grant them patience, and preserve their faith; and may He hold accountable those who oppress them or aid their oppressors.

Ahmad Musa Jibril
7 Jumd all1447H""",Salafi jihadi,
"If any other scholar said this theyd be khawarij dogs of hell and no madkhali would take any knowledge from them.

The palace scholars and bootlickers for some reason disagree with any attack against their idols
I wonder why",Salafi jihadi,
"Madkhalis hate for khilafa on the methodology of the prophet, love secular kafir rulers plot against those who call for the sharia and work with the kuffar.
Nifaq is cloaked with righteousness and false gods are cloaked with Muslim rulers.",Salafi jihadi,
"""""New Print Publication

The Khrijites: 

Historical Roots of the Ideology of the Muslim Brotherhood, izb al-Tarr, al-Qidah, al-Nurah 
and ISIS

Paperback, A5, 150 pages
Available 4th quarter 2025, inshAllh from
 
""
--------------

Dont waste your money on these munafiq agents of the taghut.",Salafi jihadi,
How many madkhalis do taqlid of this munafiq,Salafi jihadi,
""" Legislating Shariah/Laws is sole right of Allah 

Whoever Assoicates with Allah in this by making Man-Made Laws, or voting for Legislators in Election is a Kafir Mushrik",Salafi jihadi,
"""Al Wala Wal Bara is required for Islam 

 Shaykh Musa Abdullah Jibril (Father of Shaykh Ahmad)

 May Allah preserve them both, few of the only callers to Tawhid in West",Salafi jihadi,
"""""Mufti Muhammad bin Ibrahim:

 Regards to Tawagheet : 
by making takfr of them, and doing inkr and avoid them. 

However, (people) reversed the matter and believed in them  made them their rulers over them &amp; substituted the Book &amp; Sunnah or equited them with it. Thus they are + 
""
--------------

If one descends to the lowest level by applying (Man-Made) laws that contradict Shari'ah, this is apostasy and a violation of the testimony that Muhammad is the Messenger of Allah. 
Similarly, seeking Tabarruk from trees and stones contradicts the testimony of La ilaha illallah",Salafi jihadi,
"""Mufti Muhammad bin Ibrahim:

 Regards to Tawagheet : 
by making takfr of them, and doing inkr and avoid them. 

However, (people) reversed the matter and believed in them  made them their rulers over them &amp; substituted the Book &amp; Sunnah or equited them with it. Thus they are +",Salafi jihadi,
"""Sheikh Jamil ar-Rahman   :
Those who do not govern by laws of Allah and do Ittiba' of the west or Ittiba' of the parliment or to the tribal leaders  they have disliked what Allah has revealed, and have apostated from the religion. 
 
[ Pashto - English Substitles ]",Salafi jihadi,
"Sheikh Aminullah Peshawari: 

We find that many countries claiming to be Islamic have enacted laws that protect adultery, usury, gambling,and other vices,.... Yet, they cloak themselves in some outward appearances of Islam, while in reality, they are lands of Kufr and apostasy.+",Salafi jihadi,
"Crazy that all Khorasani vets were taken out one by one while they gave Jojo his legitimacy in the beginning of the split while he and Atun stayed untouched with bounty 
Yet retrospectively he needed them gone if he wanted to get rid of AQ label 
But ppl want to close their eyes",Salafi jihadi,irrelevant
"These kuffar and satanists and occultists have a fetish for space and conquering it
Be it Firaun or Haman, Parsons or the communist Gagarin, first man in space, claiming he hadnt seen God there or Yajuj and Majuj wholl shoot at the heavens etc 
Btw Im not into conspiracies",Salafi jihadi,irrelevant
"""Agree totally. A problem however is that you have supported successive governments which prevent the Islamic Hudood and rather than rule by the Sharia of Allah, they rule by the laws of the Kuffar. 

These Tawaghit preventing the Sharia, is from the greatest reasons for the spread of all kinds of evil.""",Salafi jihadi,
"""@Canary001776756 @BrantPhilip_ Even the kuffar knows that the jnim are soft towards the kuffar and harsh against Muslims 
They don't have to worry about jnim..""",Salafi jihadi,
"""Dua For The Captives

Shaykh Ramazan Ik",Salafi jihadi,irrelevant
"""Head of Madkhali sect, Abdul-Aziz Ar-Rayyis:

Sh Saleh l-Shaykh was wrong to say all the lands in the Muslim world are Darul kufr, as in their Govs are kuffar, and for attributing it to his grandfather, Mufti Ibn Ibrahim that he says ruling by other than Sharah is major kufr",Salafi jihadi,taqlidi
"Muhammad al amin ashanqiti rh:
The legislation of manmade laws is disbelief in the creator of the heaven and the earth

Not the rulers intention or whether he hates or loves it, rather the implementation of kufr laws is disbelief in itself.",Salafi jihadi,
"""""These Khawarij have no idea about anything in the deen

Imam Ahmed, al-Shawkani, MBAW have made it clear one obeys the rulers even if its not a Khalifa and MBAW transmitted Ijma on this

And the Hadith of obeying a Habashi ruler makes it obvious he doesnt have the be Khalifa""
""
--------------

Using these hadith for todays rulers is no different to qadianis using these hadith for their caliph",Salafi jihadi,
"""""Shaykh Ynus al-Sharbaj held firm to a beautiful tradition in Syria, every Friday, without fail, he would recite the names of all 313 warriors who fought at Badr. Through hardship and ease, he never abandoned this practice, honoring those aba out of deep loyalty and reverence.

When his time came to meet his Lord, Allh Tal blessed him with a profound gift, he passed away on the 17th of Raman, the exact date when the Battle of Badr took place centuries before. Many saw this as no mere coincidence but rather a divine honor, connecting his lifelong dedication to the heroes of Badr with his final journey from this world. Al-Ftia!""
""
--------------

There are those who follow in the footsteps of the sahaba in the battle of badr, by waging  had against Islams enemies and then you have those who will make up things and do anything buthad to avoid it.",Salafi jihadi,irrelevant
"Sheikh Al Islam ibn taymiyyah would literally place his head on the line so the truth would prevail, you find many scholars like this today, however none of them are from the madkhali scholars or palace scholars who have sold the verses of Allah for a small price.",Salafi jihadi,
"""If You Believe In Democracy, Your Qibla is The White House

Shaykh Abdullah al-Faisal",Salafi jihadi,
"""Dua for Laylatul al Qadr

Shaykh Abdullah al-Bin'al",Salafi jihadi,
"""Shaykh Ahmad Jibril mentions how the Saudi stooges removed Walaa &amp; Baraa from the school curriculum after the U.S. asked them to do so.",Salafi jihadi,
"""""The Reality of the Khawarij! Must watch 
""
--------------

This troll looking slave of tawagheet can only lie and exaggerate to defend his masters.
The rulers they worship have transgressed beyond the boundaries of Islam but you will never hear them say a word against their deities.",Salafi jihadi,
"""""Saudi scholars are participating in the Building bridges between sects conference which includes Sufis, Ash'aris, Barelvis, Shias etc. We await the refutation of those participating in this Ikhwaani gathering. Bonus pic of Haram Imam al-Juhany next to a Shi'i below. 
""
--------------

And they say they only obey the rulers in good, madkhalis are mentally and physically enslaved by the rulers and they dont even know it some of them.",Salafi jihadi,
"The madkhali cult is upon the manhaj of dhul khuwaysara, he was a munafiq who rejected the law of Allah in spoils of war like the rulers of today who do the same with the complete sharia, and these rulers are the founders of the madkhali filth.",Salafi jihadi,
"Most ppl are not Islamists here amongst us 
Most of them believe in Sykes Picot and Durand and other lesser known Mujrims who created their nation states 
And I mean those who larp as Islamists and quote whom we quote and claim to follow whom we follow",Salafi jihadi,
"""But Maybe They Didn't Receive The True Message of Islam

Shaykh Ahmad Musa Jibril",Salafi jihadi,
"""Prevention in Shariah vs Intervention in Taghut Law

Shaykh Abdullah al-Faisal",Salafi jihadi,
"""Scholars like Shuyukh Nasir al-Fahd, Ali al-Khudayr, Sulayman al-Alwan, Hamoud Ibn Uqla ash-Shu'aybi, Ahmad al-Khalidi and others will be remembered as mujaddidin and siddiqin of this era; similar in status as Imam Ahmad in the Mihna

May Allah torment their tormentors...""",Salafi jihadi,
"""Many heretics and liars keep pushing the idea that Salafi scholars hold a positive view of the American regime.

In reality, Salafi scholars such as Shaykh Nasir al-Fahd have authored works that justify the use of weapons of mass destruction against Americans and other Kuffar.",Salafi jihadi,
"""Here, you can clearly see how this Madkhali is worshipping a pole. 
It is for this reason that he has not yet been granted Nusra. He needs to correct his Tawheed and obey the Saudi ruler  more submissively if he wants Nusra. 

See how dumb their logic is!",Salafi jihadi,
"The end of the oppressors is near and Allahs victory is even closer, May Allah allow us to witness the victory of this ummah and destruction of the tyrants Ameen.",Salafi jihadi,
"I dont know why accounts make fake AI videos of Sulaymaan ar-Ruhayli to try &amp; tarnish his name. His actual Fatwas, statements &amp; stances are evidence enough of his misguidance.",Salafi jihadi,taqlidi
"People shouldnt be surprised that the spubs species of Madkhali are throwing off their associates for lack of a clear public stance, theyre just following the principles laid down by their leader.",Salafi jihadi,
"Khamenie Murtad says, 
 Who were the fathers of the wives of the Prophet ()? 
Some were kuffar and some were  Mushrikeen.",Salafi jihadi,
"""""Taliban are the brothers of the Shia murtadin, shia Rafidha especially the Iranians are known for their enmity for the mother of the believers Aisha RA,  the Sahabah, and their major shirk,  yet these shameless ppl give condolences anytime a biggest shia kafir dies in Iran. 
""
--------------

One of the minister of the un-Islamic Afghan regime giving his condolences to murtad khamenie at their embassy. 

In his writing he referred to khamenie as a ""martyr"" and said "" May Allah grant him jannatul firdous Ameen ""

May Allah resurrect these Talibs with  rafidha ameen",Salafi jihadi,
"""Three major scholars of 60s-80s:

Every ruler who judges by other than the hukm of Allah &amp; His Messenger  is a Tght, a kfir in Allah.

Murjiah 2000s:

Khariji belief, its kufr dna kufr""",Salafi jihadi,
"""Major Salafi scholar of 1940s-80s:

Most of the rulers today are kuffr

Murjiah 2000s:

No, Muslim rulers, you khariji""",Salafi jihadi,
"""A neglected Ramadan practice: 

Cursing Kuffar in your prayers and dua

May Allah curse the Kuffar and strike them with His severe punishment in this world.",Salafi jihadi,
"""Should We Follow Global or Local Moon Sighting For Ramadan?

Shaykh Ahmad Musa Jibril",Salafi jihadi,
"""""Was gonna ignore this madkhali but I cant anymore, this isnt the first time youve spewed this kind of vile garbage about our sisters. Imagine calling urself a Muslim and making dua for women to suffer, be imprisoned or worse when theyre already living through sm hardship 
""
--------------

All die and get abducted towards Muslimaat. Women whose blood was made more honourable than the kaaba. Just because theyre the wife of so-and-so. While showing nowhere near the same animosity for kuffar. A literal sign of Al-Khawarij.",Salafi jihadi,
"""""How far online salafis are from the salaf. His cause for tabdee was saying tark us salah is not major kufr. If consistency is maintained he also makes tabdee of:

Imam Abu Hanifah
Imam Malik
Imam Shafii
Imam Az Zuhri
Sufyan Ath Thawri
Imam An Nawawi
Imam At Tabari
Ibn Qudamah""
""
--------------

Actually you make takfir. Since they say the ijma of the sahabah is that tark us salah is major kufr, they accuse the majority of the ulama of kufr by rejecting this consensus. And as we know, rejecting consensus is kufr.",Salafi jihadi,
"""""AMJ the dirty khariji dog""
""
--------------

Salafis despise the khawarij more than the kuffar. Most of these lot dont have this same energy for kuffar. Many of them have traits of the kharijites themselves. Rough wid the Muslims and soft with the mushrikeen.",Salafi jihadi,
"""""Shocking video shows several ladies crying for help amid alleged r+ping festival by groups of men in Ozoro, Delta state

""
--------------

????? These lot need Shekau fiqh wallahi",Salafi jihadi,
"""""@Alien_Zaki @YahyaAh71424190 @abumusa7th The tabin even said it's impossible for anybody to enter paradise without salah, there is many  solutions to this narration like the slave nor knowing how to pray. 

Every sect includes murji like you  claim to have evidence for  their bidah""
""
--------------

How far online salafis are from the salaf. His cause for tabdee was saying tark us salah is not major kufr. If consistency is maintained he also makes tabdee of:

Imam Abu Hanifah
Imam Malik
Imam Shafii
Imam Az Zuhri
Sufyan Ath Thawri
Imam An Nawawi
Imam At Tabari
Ibn Qudamah",Salafi jihadi,
"""Some people be like:
- The Rafidha generals of Iran are Kafir

- But the Secular, Rafidha, Qadiani generals of Pakistan are good. So Goodd.",Salafi jihadi,
"MADKHALISM EXPOSED BY TRUMP! - Saudi Humiliation - MBS Attacked Publicly! 
@Haqiqatjou @SapienceOrg @Cryptodownbad @AA_andalusi @Abo_mohap6 @almass3ari @RashidRants @Islam21c @propandco @5Pillarsuk 
Crimes of Ibn Salman",Salafi jihadi,
"TRUMP HUMILIATED MBS - Bin Salman Destroyed
#donaldtrumpisrael #saudi @MuslimSkepticHQ @sorenascence @jalalayn @AbuTaymiyyahMJ @MiddleEastEye @Ahmed_hassan_za @HATzortzis @BroHajji @YasirAlHanafi @HassanShibly",Salafi jihadi,
"""""Was imam Abu hanifa a ""madhkali"" too ?! 
""
--------------

Abu Hanifah   is literally one of the few that permit rebellion against a sinful Muslim ruler . You lot would call him a khariji if he was here today lol.",Salafi jihadi,
"""""BREAKING  Iraqi Shiite parties pick Nouri Al-Maliki as candidate for prime minister 

 Coordination Framework statement

Maliki served two consecutive terms from 2006-2014.

He still needs to form a government.""
""
--------------

Is this a part two I smell? 
#MujahidMatt",Salafi jihadi,irrelevant
