text,label
"""ISWAP attacked Nigerian army positions in Monguno, Borno State early this morning, on the way to reinforce the camp, Colonel I.A. Muhammad was ambushed by ISWAP and killed along with four other soldiers, yet another high ranking officer falls to insurgent bullets in the northeast.""",label_Irrelevant
"""Imam Al-Khalll      said in his book At-Tarrajjul (Being a True Man), from his encompassing work Al-Jmi, about Imam Ahmad     :

Ysuf ibn Ms al-Qan informed me that Ab Abd Allh (Imam Ahmad) was asked: Does a man let his hair grow? He said: Yes, if he is able to do so.

Muammad ibn Ab Hrn informed me that Isq related to them that Ab Abd Allh was asked about a man growing his hair. He said: It is a good sunnah  if it were possible for me, I would have done it.

Grow your hair out if youre able inshaAllah, and dont listen to feminine Madkhalis. They cant find anything of substance to critique, so they critique someones long hair. What a bunch of morons.""",label_Salafi jihadi
"""Every Muslim who is being slandered by the hypocrites/disbelievers should be defended without a doubt, or offered a word of support at a minimum (even if they dont need it). This is the bare minimum rights that any of the Mashayikh, Mujahideen, or the laymen Muslims have upon their Muslim brothers.

That being said, do not be of those who voluntarily bring heartache or sadness to Muslims, by sharing with them slander against them, that they might otherwise be ignorant of occurring. Even the Prophet     was hurt by the slander/Kufr of Quraysh, Allah   Says:

      

Imam Ibn Jarir At-Tabari   comments on this Ayah and said:

The Exalted says  in His mention  to His Prophet Muhammad : And indeed We know, O Muhammad, that your chest is constricted by what these polytheists of your people say  by their denial of you, their mockery of you, and their mockery of what you have brought to them.

Its also mentioned by Ibn Abee ad-Dunya in his Al-Ishraf:

tim ibn Yay narrated to us, saying: I heard Muammad ibn Yay al-Marwaz say: A man said to Wahb ibn Munabbih, So-and-so has insulted you. He replied: Could the devil find no messenger other than you?

And these are widely cited although I couldnt find a Sanad for them, although due to its meaning, it is worthy of mentioning as a reminder for us all, InshaAllah:

Its said that a man came to a wise man and said: So-and-so has insulted you. He replied: He shot an arrow at me and it did not reach me  so why did you carry the arrow and lodge it in my heart?

And its said that a man came to al-Shfi  may Allah have mercy on him  and said: So-and-so speaks ill of you. He replied: If you are telling the truth, then you are a tale-carrier (Nammm); and if you are lying, then you are a transgressor. So the man was ashamed and left.

Defend your brothers in Islam, without hesitation, but be weary not fall into the trap of Nameemah unintentionally, lest you hurt your brother(s) unintentionally. If anything, if someone gets slandered often, be the bearer of good and positive news instead. Work to spread their Dawah, and make it widespread. Share with them the messages of support that flood social media during the slander, instead of the slander itself. 

Theres a wonderful website  thats been assembled, Allahumma Brek. Every time someone slanders the Shaykh, share this website. Let the hypocrites die in their rage.""",label_Salafi jihadi
"""If I understand correctly, ships seeking safe passage through the Strait of Hormuz are required to make payments to Iranian entities that are either formally sanctioned or additionally designated as terrorist organizations by the US and EU. _x000D_
In other words, it all comes down to a simple, binary choice: either maximum pressure on Iran together with maximum pressure on the global energy market, or sanctions relief on Iran as a condition for relief of the global energy crisis._x000D_
That is the scale of the astounding US-Israeli victory in their latest war. _x000D_
More brilliant achievements to come.""",label_Irrelevant
"""Ive said this multiple times in private to brothers, and probably publicly at some point: People who are 3-minutes into the Deen and Manhaj, should not be platformed in anyway to speak about the Deen. If someone is known to flip flop their positions, on top of being very new, then theyre even worse. _x000D_
_x000D_
If they continue to do so publicly, after being advised to shut their mouth, sit down, and learn the foundations of Islam and its branches, then they should be publicly shunned and not associated with publicly. _x000D_
_x000D_
These morons who are 3-minutes into the Deen who cant even pronounce Kafir properly are making Takfir of giants,  , all because they have the reading comprehension of a Madkhali. _x000D_
_x000D_
If theyre not feds already, then they are on the edge of Zandaqa due to such blatant Ghulu. Dont be surprised when these morons evolve to Takfir the likes of Imam Ahmad, and we seek refuge in Allah from such Zandaqa.""",label_Salafi jihadi
"""This Ummah is blessed &amp; bountiful._x000D_
_x000D_
- Shaykh al-Muhaddith Sulaymaan al-Alwaan",label_Salafi jihadi
"""Shaykh Saleh al-Fawzan recommending students read the book of Saleh al-Munajjid saying it is well needed and praising Allaah for making him an aider of the haqq_x000D_
 """,label_Salafi taklidi
"""Mr. Shekau wouldn't be happy with the house of Saud today unharaming western music in the country ;).",label_Salafi jihadi
"""Countries where insulting Jesus is a criminal offence:

Pakistan
Saudi Arabia
Iran
Egypt 
Syria
Iraq
Indonesia
Malaysia
Afghanistan
Somalia
Qatar
Kuwait
Yemen

Countries where insulting Jesus is legally permissible:

United States
United Kingdom
France
Canada
Ireland
Denmark
Netherlands
New Zealand
Sweden
Norway
Finland
Germany
Belgium
Australia
New Zealand""",label_Irrelevant
"""Jaysh Abu Bakr al Saddiq. They had a secret pledge to Dawla which was revealed in 2010. Dawla seemed to have had a policy of secret pledges in this period.""",label_Salafi jihadi
"""IRAN DROP NEW LEGO VIDEO MOCKING PETE HEGSETH",label_Irrelevant
"""There is no difference in deeming something unlawful as permissible, whether it is for a profession or for other reasons.

 Considering tabarruj and unveiling as permissible is major Kufr that expels one from Islam.

Considering kissing and embracing non-maram women as permissible is major kufr that expels one from Islam.

So woe to those who engage in tabarruj while deeming it permissible, and to those who treat kissing and embracing non-maram women as permissible in practice.

So repent to Allah before you meet Him with this hypocrisy and major Kufr.

Shaykh Saadiq Al Hashami""",label_Salafi jihadi
Youre a Wahhabi no bro Im a shah waliullah dehlawi,label_Irrelevant
"""that Shias are fighting for palestine""",label_Irrelevant
"""""The Mohamed Salah replacement has to be Michael Olise.""
""
--------------

It has to be.",label_Irrelevant
"""The Mohamed Salah replacement has to be Michael Olise.""",label_Irrelevant
"""Nuno Mendes, Hakimi and Vitinha all fighting over getting Salahs shirt at the end. #ThatsMyWin #Legacy",label_Irrelevant
"A feminist committing kufr doesnt mean you shit on all women, we are Muslim men, we need to stop carrying the traditional values of our Hindu ancestors.",label_Salafi taklidi
"""when you have no talking stage, no crush, no love life just chilling",label_Irrelevant
"""We need this Liverpool tomorrow",label_Irrelevant
"""""@synszo i could watch you bleed to death and not even flinch""_x000D_
""_x000D_
--------------",label_Irrelevant
"""""just realized there was no windows 9 and there was also no iPhone 9 and i'm here wondering why no. 9 was skipped? _x000D_
""_x000D_
--------------_x000D_
_x000D_
And no more number 9s in the new generation of football",label_Irrelevant
Women that act like men haters are the ones most obsessed with men,label_Irrelevant
"""""what would heal you?""_x000D_
""_x000D_
--------------_x000D_
_x000D_
Another season of game of thrones so sensational that it makes up for the poor end",label_Irrelevant
"""""The guess the Pakistani videos are goated""_x000D_
""_x000D_
--------------",label_Irrelevant
The guess the Pakistani videos are goated,label_Irrelevant
""""" Dana White paid off $500,000 of Adin Ross' gambling losses and added another $50,000 for him to keep playing._x000D_
_x000D_
""Enjoy the night, kid.""_x000D_
_x000D_
 @adinross _x000D_
""_x000D_
--------------_x000D_
_x000D_
I dont understand this concept of rich people giving other rich people charity, give it to people that actually need it smh",label_Irrelevant
"""Elleri demir ranzaya bal Uygur Trk ocuun, bir inli tarafndan elektrookla ikence edildii grntler ortaya kt.",label_Irrelevant
Shias are weird,label_Irrelevant
Hilarious seeing these blue tick begs all finally talking against Andrew Tate when d riding him and copying his persona is how they got clout,label_Irrelevant
"""""whos your favourite marvel character? asking for scientific reasons.""_x000D_
""_x000D_
--------------_x000D_
_x000D_
Only one correct answer",label_Irrelevant
"""""Youre an incel you dont get girls ok bro  _x000D_
""_x000D_
--------------_x000D_
_x000D_
Yeah guys I absolutely think these are real women dying over me",label_Irrelevant
"""Notice how you didnt say Im wrong""",label_Irrelevant
"""""_x000D_
""_x000D_
--------------_x000D_
_x000D_
Notice how you didnt say Im wrong",label_Irrelevant
"""Feminism in of itself is a ideological movement that can lead to kufr (Hadith rejection, Quranic distortion, and insulting Allah) _x000D_
_x000D_
Red Pill has always been called kufr by Muslims, and misogyny is a loaded term whose definition can be or cant be kufr""",label_Salafi taklidi
"""How Zoomer girls see Euphoria",label_Irrelevant
"""Crazy scenes on Kuwaiti Twitter right now, a fair few government bootlickers (including those who mocked certain Gazan figures), have had their citizenships revoked. Of course many are having a field day with this now.""",label_Irrelevant
"""To the saved sect , honest question. _x000D_
_x000D_
What is the basis for boycotting someone who doesnt speak on an individual? Keep in mind, im not referring to major innovators""",label_Salafi taklidi
"""These new gym ppl not it bruh I went up to dis one dude and asked how many sets he got left bro said 10 fuck u mean u got 10 sets left bro""",label_Irrelevant
"""He got demoted from Shaykh to brother in under a week. I think that may be a world record.",label_Irrelevant
"""Its more off the fact that woman dont have the capacity to actually care about your problems and prefer the complaining and opening up in a relationship to be from them""",label_Irrelevant
"""Wallahi Dajjal is gonna have a field day with you lot",label_Irrelevant
Wallahi Dajjal is gonna have a field day with you lot,label_Irrelevant
Its more off the fact that woman dont have the capacity to actually care about your problems and prefer the complaining and opening up in a relationship to be from them,label_Irrelevant
"""""Bro, the Hanbali madhab is the closest to the sunnah!""_x000D_
""Interesting. What makes you say that?""_x000D_
""The Hanbali scholars said so!""_x000D_
_x000D_
GENIUS""",label_Irrelevant
"""Israeli occupation forces are carrying out massive home destruction attacks east of Gaza City and east of Khan Younis..",label_Irrelevant
"""Two people have been killed by Israeli fire in Beit Lahiya, north of the Gaza Strip..""",label_Irrelevant
"""Do they not ever reflect on camelshow they were masterfully created._x000D_
_x000D_
-Quran 88:17",label_Irrelevant
"""Jesus is a slave_x000D_
_x000D_
To Allah """,label_Irrelevant
"""Does man think that We will not assemble his bones? Yes, We are Able even to proportion his fingertips._x000D_
_x000D_
 Quran 75:34""",label_Irrelevant
"""The Israeli genocide army documents its destruction of a school building in a village in southern Lebanon.",label_Irrelevant
"""Palestinian boy Mohammad Murad, 17, and another boy wounded in the village of Beit Daggo, east of Jerusalem..""",label_Irrelevant
"""This is the creation of Allah. (Q.31:11)""",label_Irrelevant
"""When I feel ashamed of my shortcomings upon seeing Allah's generosity toward me..",label_Irrelevant
""" The Sarajevo Sniper Safari:_x000D_
Where wealthy foreigners paid to sh.t innocent civilians for fun_x000D_
_x000D_
During the Bosnian W4r, wealthy individuals, mostly from Italy, but also other European and North American countries paid Serb Forces between 80,000 to 100,000 to participate in sniping Bosnian Muslim civilians. Some witnesses claimed a ""price list"", with much higher payments tied to shooting children.""",label_Irrelevant
"""Retweet the Quran, your hands will bear witness for you on judgement day...",label_Irrelevant
""" LIVE TODAY!_x000D_
Please join us for a special DawahWise 450K subscribers livestream!_x000D_
Live Q&A - Engage, Challenge, Clarify_x000D_
Link: _x000D_
Thursday, 23rd Apr, 2026 at 5pm (UK) | 9:30pm (IST) | 12pm (EST)_x000D_
 Panel: Dr. Sarmad and I.Hakim @CogentFaith with the #DawahWise Team: @MansurXAhmed and Hashim @DawahWise_x000D_
Please Like, Share, Subscribe and Follow""",label_Salafi taklidi
""" LIVE NOW!_x000D_
Please join us for a special DawahWise livestream!_x000D_
P2 - If Hinduism Is Universal Truth, Why Did the World Reject It? - Live Q&A_x000D_
Link: _x000D_
Thursday, 16 Apr, 2026 at 9:30pm (UK)_x000D_
 Panel: Zeeshan @Smile2Jannah, I.Hakim @CogentFaith with the #DawahWise Team: @MansurXAhmed, Mohammad @Real_MetaPhysix and Hashim @DawahWise_x000D_
Please Like, Share, Subscribe and Follow""",label_Irrelevant
""" LIVE TODAY!_x000D_
Please join us for a special DawahWise livestream!_x000D_
If Hinduism Is Universal Truth, Why Did the World Reject It? - Live Q&A_x000D_
Link: _x000D_
Thursday, 16 Apr, 2026 at 5pm (UK) | 9:30pm (IST) | 12pm (EST)_x000D_
 Panel: Zeeshan @Smile2Jannah, I.Hakim @CogentFaith with the #DawahWise Team: @MansurXAhmed, Mohammad @Real_MetaPhysix and Hashim @DawahWise_x000D_
Please Like, Share, Subscribe and Follow""",label_Irrelevant
""" LIVE TODAY!_x000D_
Please join us for a special DawahWise livestream!_x000D_
Live Q&A - Engage, Challenge, Clarify_x000D_
Link: _x000D_
Thursday, 9th Apr, 2026 at 5pm (UK) | 9:30pm (IST) | 12pm (EST)_x000D_
 Panel: Al-Yemeni @MARazack26 and I.Hakim @CogentFaith with the #DawahWise Team: @MansurXAhmed and Hashim @DawahWise_x000D_
Please Like, Share, Subscribe and Follow""",label_Irrelevant
""" LIVE TODAY!_x000D_
Please join us for a special DawahWise livestream!_x000D_
Most Compelling Argument for Gods Existence_x000D_
Link: _x000D_
Thursday, 2nd Apr, 2026 at 5pm (UK) | 9:30pm (IST) | 12pm (EST)_x000D_
 Panel: @YusufPonders and Muris @IslamDiscovered with the #DawahWise Team: @MansurXAhmed and Hashim @DawahWise_x000D_
Please Like, Share, Subscribe and Follow""",label_Irrelevant
Eid Mubarak.,label_Irrelevant
"[Al-Baqarah - 136] Say (O Muslims), ""We believe in Allah and that which has been sent down to us and that which has been sent down to Ibrahim (Abraham), Isma'il (Ishmael), Ishaque (Isaac), Ya'qub (Jacob), and to Al-Asbat [the twelve sons of Ya'qub (Jacob)], and that which has been given to Musa (Moses) and 'Iesa (Jesus), and that which has been given to the Prophets from their Lord. We make no distinction between any of them, and to Him we have submitted (in Islam).""_x000D_
_x000D_
Sadly, the earlier people that were entrusted with much of what was revealed to these prophets, these communities failed to preserve these revelations. _x000D_
_x000D_
Muslims do not need to look for these revelations of the past. Quran describes to us what is needed to know. _x000D_
_x000D_
Previous revelations were for the people of the past. _x000D_
Quran is for now and for the future. _x000D_
There is within it guidance, without doubt, for people of consciousness of God.",label_Irrelevant
"""Ramadan Mubarak! from the DawahWise team._x000D_
May Allah forgive our shortcomings and accept our prayers, fasts, tilawa'at, charity and all ibada'at in this blessed month. Keep us all in your du'as  _x000D_
_x000D_
@MansurXAhmed",label_Irrelevant
""" LIVE TODAY!_x000D_
Please join us for a special DawahWise Livestream!_x000D_
Link: _x000D_
Decoding Advaita Vedanta Hindu Philosophy - Live Q&A_x000D_
Thursday, 12th Feb, 2026 at 5:30pm (UK) | 11pm (IST) | 12:30pm (EST)_x000D_
 Panel: Malik and I.Hakim @CogentFaith with the #DawahWise Team: @MansurXAhmed and Hashim @DawahWise_x000D_
Please Like, Share, Subscribe and Follow_x000D_
#brahman #hinduism #advaitavedanta""",label_Irrelevant
"""The logical problem of the Trinity (Part 2):_x000D_
_x000D_
What Does Is God Mean in the Trinity. Logical Contradiction or Polytheism",label_Irrelevant
""" LIVE TODAY!
Please join us for a special DawahWise livestream!
The Dharma Myth: Why So Many Hindus Defend What's Not Divine? - LIVE Q&A
 Thursday, 29th Jan, 2026 at 5pm (UK) | 10:30pm (IST) | 1pm (EST)
Link: 
 Panel: Zeeshan @Smile2Jannah, I.Hakim @CogentFaith with the #DawahWise Team: @MansurXAhmed and Hashim @DawahWise""",label_Irrelevant
"POST 6  Motive check: Did he gain anything?_x000D_
_x000D_
Power, wealth, status?_x000D_
False prophets seek:_x000D_
  Luxury_x000D_
  Control_x000D_
  Dynasties_x000D_
_x000D_
Muhammad :_x000D_
  Lived in a mud-brick room_x000D_
  Often slept on a straw mat_x000D_
  Died with his armour pawned for food_x000D_
  Left no inheritance_x000D_
_x000D_
When offered kingship and wealth, he refused._x000D_
Even after ruling Arabia, his lifestyle did not change._x000D_
Reminder:_x000D_
People fake religion to gain the world  Muhammad  abandoned the world when it was offered to him._x000D_
_x000D_
The claim that Muhammad  sought worldly gainwealth, power, or prestigeis contradicted by well-attested historical and material evidence from his life._x000D_
_x000D_
Despite ruling Madinah and having access to resources unavailable to him earlier in Makkah, the Prophet  continued to live in extreme material simplicity. His dwelling beside the Prophets Mosque was austere, especially when contrasted with the luxury of contemporary Byzantine and Sasanian rulers. This physical reality remains a tangible historical testimony._x000D_
_x000D_
Multiple authentic reports establish that his lifestyle was one of consistent moderation and self-denial:_x000D_
_x000D_
  Chronic material scarcity: ishah reported that the Prophets household in Madinah did not eat their fill for three consecutive nights until his death (Bukhr 6089; Muslim 2970). Even at the time of his passing, there was nothing edible in his home except a small amount of barley (Bukhari 6086, Muslim 5281)._x000D_
_x000D_
  Voluntary asceticism: This deprivation was not forced by weakness or persecution; it continued unchanged even when wealth and authority were available to him._x000D_
_x000D_
  Aversion to wealth at death: During his final illness, the Prophet  insisted that a small amount of gold in his possession be given away in charity immediately, expressing fear of meeting God with any worldly attachment (reported by Amad; authenticated by al-Haytham)._x000D_
_x000D_
  Eyewitness testimony of companions: Umar ibn al-Khab described finding the Prophet  sleeping on a rough mat that left marks on his body, with only a small measure of barley and a few leaves as provisions. When Umar wept at this contrast with imperial luxury, the Prophet replied: Are you not pleased that they have the world, and we have the Hereafter? (Ibn Mjah; authenticated by al-kim)._x000D_
_x000D_
  No accumulation or inheritance: He died with his armour held as collateral by a Jewish resident of Madinah for barley (Bukhr 2759). He explicitly declared that prophets do not leave inheritance; whatever they leave is charity (Bukhr 6346; Muslim 1758). Consequently, neither his wives nor his daughter inherited wealth from him._x000D_
_x000D_
This patternliving with the bare minimum, dying with the bare minimum, and leaving ones family with the bare minimumis fundamentally inconsistent with the behaviour of a charlatan motivated by self-interest, prestige, or material gain._x000D_
_x000D_
This conclusion is not confined to Muslim scholarship. The New Catholic Encyclopedia states:_x000D_
A case has been made that mere economic gain was the inspiration for Mohammeds religious revolution. That case does not suit the facts as they are known. (The New Catholic Encyclopedia 2003, second edition, vol 10, p52. art. Muhammad.)_x000D_
_x000D_
Taken collectively, the evidence strongly indicates that Muhammad  did not possess, nor act upon, any worldly interest in his claim to Prophethood.",label_Irrelevant
""" LIVE TODAY!_x000D_
Please join us for a special DawahWise livestream!_x000D_
Live Q&A - Engage, Challenge, Clarify_x000D_
Link: _x000D_
Thursday, 22nd Jan, 2026 at 5pm (UK) | 10:30pm (IST) | 1pm (EST)_x000D_
 Panel: Muris @IslamDiscovered, I.Hakim @CogentFaith and Al-Yemeni @MARazack26 with the #DawahWise Team: @MansurXAhmed and Hashim @DawahWise_x000D_
Please Like, Share, Subscribe and Follow""",label_Irrelevant
Only Islam is True- Ep 3  via @YouTube,label_Irrelevant
""" LIVE TODAY!
Please join us for a special #DawahWise Livestream!
The Shocking Connection Between UFOs, Aliens and Jinns- LIVE Q&A
Link: 
 Thursday, 15th Jan, 2026 at 5pm (UK) | 10:30pm (IST) | 1pm (EST)
 Panel: @ImranHussein87, @BroFaruq, Islam Hakim @CogentFaith and Hashim @DawahWise
Please Like, Share, Subscribe and Follow
#ufos, #alien, #jinn, #islam, #paranormal, #encounters, #supernatural, #abductions, #demons, #spiritual, #unexplained""",label_Irrelevant
"POST 5:_x000D_
_x000D_
Someone assessing Muhammads   claim to prophethood faces a stark set of possibilities: either accept that he was truthful and fully trustworthy in conveying what he believed was revealed to him; and that his role as a messenger between humanity and its Creator was genuine; or conclude that he knowingly fabricated his message and orchestrated a sustained deception against those who followed him. In this framing, a claimant to prophethood would be either exceptionally truthful, deliberately fraudulent, or sincerely mistaken._x000D_
_x000D_
If Muhammads  honesty is rejected, the alternative is to portray him as an unparalleled impostor: inventing portions of the Quran in response to unfolding events, staging words and actions to mimic revelation, and maintaining an elaborate performance of devotion and sincerity. This would also imply consistent deception in private and public life, such as toward his closest Companions, in everyday dealings, and even within his household, by presenting an appearance of integrity while concealing calculated dishonesty._x000D_
_x000D_
Even those who denied his message struggled, deep down, to regard him as a liar; their refusal was rooted instead in resistance to his call to monotheism and to leaving the religion of their ancestors, not in doubts about his personal integrity. The Quran reflects this distinction: We certainly know that what they say grieves you It is not you they accuse of lying, but it is Allahs signs that the wrongdoers deny (Quran 6:33). Accordingly, their stance was less an accusation of falsehood than a rejection of his prophethood driven by obstinacy._x000D_
_x000D_
               _x000D_
_x000D_
Paul Casanova, a French Orientalist states: _x000D_
'Before entering into the heart of the question, I wish to state at once that I reject a priori any theory tending to suspect Mohammeds sincerity. No doubt one may be led to believe that, in his later years, the necessities of politics led him to present his personal ideas as divine revelations, so as to secure better obedience. But that must not cast doubt on his sincerity; a modern psychologist may see in it auto-suggestion, and it is contrary to every scientific mind to assert, without proofs, that there was imposture and calculation. The whole history of the Arab Prophet proves that his character was positive, serious, and loyal. Even when his absolute power was acknowledged, he knew how to listen to advice, admit his faults, and correct them'_x000D_
(Casanova, P. (1911). Mohammed et la fin du monde: tude critique sur lIslam primitif. Paris: Geuthner. P5)_x000D_
_x000D_
When Muhammad  was instructed to summon his close kin to Islam, he chose a public, familiar setting and addressed the Quraysh clans from Mount af, calling them by name. He then tested the credibility they already attributed to him: If I told you that horsemen were in the valley preparing to attack you, would you believe me? They replied that they would, because they had only ever known him to be truthful. (a al-Bukhr, hadith 4523)._x000D_
_x000D_
He met lifes hardships with a calm spirit and turned away from temptation with unwavering resolve. He deliberately chose a demanding road marked by isolation and painful trials, driven by the task of conveying what he believed to be the truth: calling people away from inherited idolatry and moral corruption, and gathering them around virtue and piety._x000D_
How can that portrait be made consistent with the opposing claim sometimes advanced by criticsthat he was a liar, animated by deception and emptied of genuine goodness? The two pictures point in opposite directions; holding them together as equally true creates a contradiction that needs explaining rather than assertion._x000D_
_x000D_
It is strongly corroborative of Mahomets sincerity that the earliest converts to Islam were not only of upright character, but his own bosom friends and people of_x000D_
his household; who, intimately acquainted with his private life, could not fail otherwise to have detected those discrepancies which ever more or less exist between the professions of the hypocritical deceiver abroad and his actions at home. (Muir, W. (1877). Life of Mahomet: From Original Sources. London:Smith, Elder, and Co. p60)_x000D_
_x000D_
Heracliusdescribed as perceptive and shrewdquestioned Ab Sufyn while Ab Sufyn was still a non-believer and openly hostile to Muhammad , and asked whether Muhammad  had ever been accused of lying. Ab Sufyn replied that he had not, so Heraclius reasoned that someone who would not lie to people would be unlikely to fabricate a lie about God. (Reported in a al-Bukhr, hadith 4278, and a Muslim, hadith 1773.)_x000D_
_x000D_
To maintain that Muhammad  was lying, one must believe:_x000D_
-He fabricated the Quran while maintaining internal consistency for 23 years_x000D_
-He knowingly condemned lying while being historys greatest liar_x000D_
-He endured persecution, exile, hunger, and war for a deception_x000D_
-He lived modestly despite absolute authority_x000D_
-He died without wealth, dynasty, or inheritance_x000D_
_x000D_
Critical Question:_x000D_
What liar chooses suffering when power, wealth, and compromise were repeatedly offered?",label_Irrelevant
"POST 4  Moral character_x000D_
_x000D_
Moral uprightness as evidence_x000D_
_x000D_
Before prophethood, Muhammad  was universally known as:_x000D_
al-diq al-Amn  The Truthful, The Trustworthy_x000D_
_x000D_
This reputation was not given by followers _x000D_
It was acknowledged by his enemies._x000D_
_x000D_
Key question:_x000D_
Would divine guidance be entrusted to someone morally corrupt?_x000D_
Across every dimension:_x000D_
Honesty_x000D_
Mercy_x000D_
Patience_x000D_
Humility_x000D_
Self-restraint_x000D_
_x000D_
Muhammad  exhibited consistent moral excellence, privately and publicly._x000D_
_x000D_
Even his closest attendant (Anas ibn Mlik) reported:_x000D_
By Allah, I served him for seven or nine yearsI do not know that he said for something I did not do: Why did you not do such and such? (Muslim 2310)_x000D_
_x000D_
When the feet of the Prophet were swollen from_x000D_
standing in worship, it was said to him, O Messenger of Allah, Allah has forgiven you all your past sins. He replied, So should I not be a thankful servant? (Bukhari 4557, Muslim 2819,  wording from Ahmad 18114)_x000D_
_x000D_
His companion Anas reports: ''There was no person more beloved to them than the Messenger of Allah. When they saw him, they would not stand, as they knew he disliked it (Tirmidh i 335)_x000D_
_x000D_
When Ab Hurayrah requested that he place a sheet_x000D_
over the mat that left a mark on the Prophets back, he replied, And what connection do I have with the world? In relation to this world, I am just like a traveller who took shade under a tree, and then he got up and left.'  (Tirmidh 2377)_x000D_
_x000D_
When Makkah was conquered, Ab Bakr carried_x000D_
his own father so that he would give his pledge to the Messenger of God. He said, Why could you not leave the old man at his house, so that we would be the ones to visit him? (Amad 27001, Ibn ibbn 7208, and kim 4363)_x000D_
_x000D_
The Prophet () said, ""When I start the prayer I intend to prolong it, but on hearing the cries of a child, I cut short the prayer because I know that the cries of the child will incite its mother's passions."" (Bukhr 709); and Muslim 192)._x000D_
_x000D_
Abdullh ibn Masd said, We were with the Messenger of Allah on a journey. We saw a desert lark with two chicks. We took the chicks. The lark came and apped her wings furiously. When the Messenger came, he said, Who has grieved this bird over its chicks? Return the chicks to her.  (Ab Dwd, 5268)_x000D_
_x000D_
Frauds do not maintain moral consistency across decades, hardship, power, and intimacy.",label_Irrelevant
"""The Christian Meat Dilemma:_x000D_
If halal/kosher slaughter is cruel, then Jesus who ate it and, as God according to christians, upheld Jewish law approved or commanded it. _x000D_
_x000D_
Condemn the practice, and you end up condemning Jesus._x000D_
_x000D_
Ill call this argument the CMD""",label_Irrelevant
""" LIVE TODAY!_x000D_
Please join us for a special DawahWise livestream!_x000D_
Live Q&A - Engage, Challenge, Clarify_x000D_
Link: _x000D_
Thursday, 8th Jan, 2026 at 5pm (UK) | 10:30pm (IST) | 1pm (EST)_x000D_
 Panel: Muris @IslamDiscovered, I.Hakim @CogentFaith, Brandon @MercifulMessage, Al-Yemeni @MARazack26 with the #DawahWise Team: @MansurXAhmed and Hashim @DawahWise_x000D_
Please Like, Share, Subscribe and Follow""",label_Irrelevant
"Live today _x000D_
  via @YouTube",label_Irrelevant
"POST 3  Preservation: Can we even know who Muhammad  was?_x000D_
_x000D_
Is his life historically accessible?_x000D_
_x000D_
A common objection is:_x000D_
Islamic history was fabricated later._x000D_
But this claim collapses under scrutiny._x000D_
_x000D_
Muhammad  is the most extensively documented religious figure of antiquity._x000D_
_x000D_
Why?_x000D_
-The Quran preserves real-time responses to events_x000D_
-His life (srah) is preserved through multiple independent chains_x000D_
-Muslim scholars developed an unparalleled system of narrator and text criticism (hadith)_x000D_
_x000D_
Islamic historiography surpassed other approaches in rigor._x000D_
_x000D_
Conclusion:If Muhammad  cannot be known historically, no ancient figure can.",label_Irrelevant
"""Christians Started Questioning Their Beliefs | Mansur | Speakers Corner #Islam #christianity #debate #bible #jesus #god #allah #quran #muslim #christian #religion #church #trinity",label_Irrelevant
"POST 2  How prophethood is tested_x000D_
_x000D_
Extraordinary claims require transparent evaluation._x000D_
_x000D_
Prophethood is not about charisma or popularity. It is about truthful transmission of revelation._x000D_
_x000D_
Any claim to prophethood must satisfy at least these two conditions:_x000D_
1.  Truthfulness of the claimant_x000D_
2.  Irrefutable evidence for the claim_x000D_
_x000D_
We therefore ask:_x000D_
  Was Muhammad  known to lie?_x000D_
  Did he provide demonstrable evidence for his claims?_x000D_
  Did his life align with what he preached?_x000D_
_x000D_
Crucially, neutral history leaves us only three options:_x000D_
  Muhammad  was profoundly honest (i.e. a genuine prophet of God)_x000D_
  Or he was sincerely deluded_x000D_
  Or he was the greatest deceiver in human history_x000D_
_x000D_
There is no other reasonable position. The idea that he is a legendary figure shaped by later followers, is not worth entertaining.",label_Irrelevant
"Atheism is self delusion of ones origins and negation of the most reasonable explanation _x000D_
_x000D_
The Evidence of Allah Is In Front of You  via @YouTube",label_Irrelevant
"How do we critically test a claim to Prophethood?_x000D_
_x000D_
Series Introduction_x000D_
Many people ask:Why should anyone believe Muhammad  was a true prophet of God?_x000D_
_x000D_
This series does not begin with blind faith. It begins withcritical evaluation._x000D_
_x000D_
Any serious assessment of prophethood must answer three preliminary questions:_x000D_
_x000D_
Does God exist?_x000D_
Does God communicate with humanity?_x000D_
Are miracles and revelation logically possible?_x000D_
_x000D_
If the answer to these is yes, then the question becomes empirical and historical:_x000D_
_x000D_
Did Muhammad  truthfully convey a message from God, or did he fabricate it?_x000D_
_x000D_
In this series, we will examine his claim usingpublic evidence, not theological presuppositions._x000D_
_x000D_
What this series will cover:_x000D_
Each post will address one critical criterion used by historians and philosophers when evaluating prophetic claims:_x000D_
-Preservation of Muhammads  life and message_x000D_
-His moral character before and after prophethood_x000D_
-His honesty and reputation among allies and enemies_x000D_
-Psychological sincerity vs deception or delusion_x000D_
-Worldly motives  power, wealth, status?_x000D_
-The Quran as a public, testable miracle_x000D_
-Historical miracles and mass testimony_x000D_
-Addressing common objections_x000D_
_x000D_
Outcome:_x000D_
Either Muhammad  was:_x000D_
_x000D_
-A deliberate fraud_x000D_
-A sincerely deluded man_x000D_
-Or a genuine prophet of God_x000D_
_x000D_
Onlyoneof these explanations survives critical scrutiny.",label_Irrelevant
"Hey @grok can you give me some examples of real information exchange between Jesus as omniscient God (not his human self) and the Father as God from the Biblical texts? _x000D_
Note that logically, real information exchange is not possible between two omniscient entities. _x000D_
Also note that logically, omniscient entities can never become less than omniscient in any form or shape at any time. _x000D_
If you find in the Bible these two entities as omniscient and having real exchange of information, would you call this a paradox or dilemma (name it)? _x000D_
If you find Jesus as less than omniscient God having a real information exchange with God the Father, would you call this a paradox or dilemma (name it), as omniscient entities can not become less omniscient at any time?_x000D_
Your assessment should be free from Christian theological bias from their belief assertions and explanations, but purely on logical grounds. I dont want to hear any of their explanations which fails to address this purely logically. Remember this is a test case to see if you are unbiased.",label_Irrelevant
"Todays Speaker Corner discussions was an interesting experience. We had a Polish sister accepting Islam and we  got @MARazack26 _x000D_
 conduct her marriage immediately afterwards!",label_Irrelevant
""" LIVE TODAY!_x000D_
Please join us for a special DawahWise livestream!_x000D_
Link: _x000D_
Debate Review | DOES GOD EXIST? Mufti Shamail Nadwi vs Javed Akhtar - LIVE Q&A_x000D_
 Thursday, 1st Jan, 2026 at 5pm (UK) | 10:30pm (IST) | 1pm (EST)_x000D_
 Panel: Zeeshan @Smile2Jannah, @SubboorAhmad, I.Hakim @CogentFaith with the #DawahWise Team: @MansurXAhmed and Hashim @DawahWise_x000D_
Please Like, Share, Subscribe and Follow_x000D_
#JavedAkhtar, #MuftiShamailNadwi, #DoesGodExist, #debate, #atheism, #islam, #Religion, #faith, #Philosophy, #god, #IndianDebate, #LogicalDiscussion""",label_Irrelevant
"Explosive: The UAEs Hidden Hand in Creating Anti Muslim Hatred  via @YouTube_x000D_
_x000D_
Why do you disagree with this analysis?_x000D_
Why do you agree with this analysis ?",label_Irrelevant
"The concept of 'One God' can't be any simpler:_x000D_
Here is the Mother God Wuwa, Daughter God Lilli, Uncle God Samu, Sister God Bila, Husband God Juja, Wife God Piva. _x000D_
That's precisely One God. Same nature, just different hypostasis. _x000D_
The question is: is this Monotheism? _x000D_
Compare this to Surah Ikhlas (112) of the Qur'an and tell me which one is pure and true monotheistic concept of God.",label_Irrelevant
""" LIVE TODAY!_x000D_
Please join us for a special DawahWise livestream!_x000D_
Link: _x000D_
Live Q&A - Engage, Challenge, Clarify_x000D_
Thursday, 25th Dec, 2025 at 5pm (UK) | 10:30pm (IST) | 1pm (EST)_x000D_
 Panel: Shabbir @AllTruthReveal, Muris @IslamDiscovered, Brandon @MercifulMessage, Al-Yemeni @MARazack26 with the #DawahWise Team: @MansurXAhmed and Hashim @DawahWise_x000D_
Please Like, Share, Subscribe and Follow""",label_Irrelevant
Curious Women Press Muslim with Tough Arguments | Mansur | Speakers Corner,label_Irrelevant
""" LIVE NOW! _x000D_
Today's guest list DawahWise Bangla celebrates 100K YT subscribers    _x000D_
Link to join this special livestream _x000D_
Hosted by @MansurXAhmed",label_Irrelevant
"""I need your support for my dawah, medical, &amp; subsistence costs. _x000D_
_x000D_
If you've benefitted from my contribution to the dawah in any way,  please support me. _x000D_
_x000D_
BuyMeACoffe: _x000D_
_x000D_
PayPal:",label_Irrelevant
""" LIVE TODAY!_x000D_
Please join us for a special DawahWise livestream!_x000D_
How Islam Won the Heart And Mind Of An Atheist - Live Q&A_x000D_
Link: _x000D_
Thursday, 4th Dec, 2025 at 5pm (UK) | 10:30pm (IST) | 1pm (EST)_x000D_
 Panel: , I.Hakim @CogentFaith, @SubboorAhmad, Al-Yemeni @MARazack26 with the #DawahWise Team: @MansurXAhmed, Mohammad @Real_MetaPhysix and Hashim @DawahWise_x000D_
Please Like, Share, Subscribe and Follow_x000D_
#islam #science #atheism #evidence #god #faith #physics #maths""",label_Irrelevant
"Unreliable Bible_x000D_
Unreliable Bible_x000D_
Unreliable Bible_x000D_
_x000D_
Can Muslims Grant The Bible As Reliable Scripture And Prophecy??!! With ...  via @YouTube",label_Irrelevant
""" LIVE TODAY!_x000D_
Please join us for a special DawahWise livestream!_x000D_
Link: _x000D_
Live Q&A - Engage, Challenge, Clarify_x000D_
Thursday, 20th Nov, 2025 at 5pm (UK) | 10:30pm (IST) | 1pm (EST)_x000D_
 Panel: Alie, Al-Yemeni @MARazack26, I.Hakim @CogentFaith with the #DawahWise Team: @MansurXAhmed and Hashim @DawahWise_x000D_
Please Like, Share, Subscribe and Follow""",label_Irrelevant
"Christian dilemma #2_x000D_
Begetting dilemma_x000D_
_x000D_
If the Fathers power to beget is natural and essential and a good property, while the Sons incapacity to beget is natural and necessary, then the Sons nature is deficient relative to the Fathers._x000D_
Since divinity entails the absence of deficiency, the Son cannot be fully divine._x000D_
_x000D_
If the Son possesses the power or ability or capacity to beget eternally, then Trinity is not an essential nature of God- it could be more than three in one.",label_Irrelevant
"Christians claim that in the trinitarian concept of God, all three persons have the same will. _x000D_
Question: Did the Son will to be begotten?",label_Irrelevant
"Christians often claim that in Trinity concept of God, each person has the same divine nature. _x000D_
False and erroneous claim. _x000D_
The Father has a nature of begetting, while the Son lacks this nature.",label_Irrelevant
"Christian dilemma #1. _x000D_
The duck dilemma:_x000D_
 _x000D_
If they count three ducks, the Christian is a tri-theist. If they count as one duck, the Christian will be an ignoramus _x000D_
Individual or someone needing an eye sight test.",label_Irrelevant
""" LIVE TODAY!_x000D_
Please join us for a special DawahWise livestream!_x000D_
Live Q&A - Engage, Challenge, Clarify_x000D_
Thursday, 6th Nov, 2025 at 5pm (UK) | 10:30pm (IST) | 1pm (EST)_x000D_
Link: _x000D_
 Panel: Sadat, Brandon @MercifulMessage, Al-Yemeni @MARazack26, I.Hakim @CogentFaith with the #DawahWise Team: @MansurXAhmed and Hashim @DawahWise_x000D_
Please Like, Share, Subscribe and Follow""",label_Irrelevant
""" LIVE TODAY!_x000D_
Please join us for a special DawahWise livestream!_x000D_
Link: _x000D_
The Shocking Moral Dilemmas of Hindu Gods- Live Q&A_x000D_
Thursday, 30 October, 2025 at 5pm (UK) | 10:30pm (IST) | 1pm (EST)_x000D_
 Panel: I.Hakim @CogentFaith and Alie with the #DawahWise Team: @MansurXAhmed and Hashim @DawahWise_x000D_
Please Like, Share, Subscribe and Follow_x000D_
#HinduMythology_x000D_
 #HinduismExplained_x000D_
 #IndianMythology_x000D_
 #Spirituality_x000D_
 #EasternPhilosophy_x000D_
 #MythologyExplained_x000D_
 #AncientIndia_x000D_
 #HinduGods_x000D_
 #Philosophy""",label_Irrelevant
""" Adnan Rashid  Muslim Historian, Speaker &amp; Debater_x000D_
 Samuel Green  Christian Apologist, Speaker &amp; Debater_x000D_
_x000D_
 Venue: The Angel Church, Chadwell Street, Angel, Islington, London, EC1R 1XD_x000D_
_x000D_
 Time: 7 PM_x000D_
_x000D_
 Date: Friday, October 31, 2025_x000D_
_x000D_
 Free Entry | All Welcome | Q&amp;A",label_Irrelevant
"""LIVE TODAY!_x000D_
Please join us for a special DawahWise livestream!_x000D_
Live Q&A - Engage, Challenge, Clarify_x000D_
Thursday, 23rd Oct, 2025 at 6:30pm (UK) | 11pm (IST) | 1:30pm (EST)_x000D_
Link: _x000D_
 Panel: @MansurXAhmed, Muris @IslamDiscovered, I.Hakim @CogentFaith and Fawad_x000D_
Please Like, Share, Subscribe and Follow""",label_Irrelevant
""" LIVE TODAY!_x000D_
Please join us for a special DawahWise livestream!_x000D_
Live Q&A - Engage, Challenge, Clarify_x000D_
Thursday, 9th Oct, 2025 at 6pm (UK) | 10:30pm (IST) | 1pm (EST)_x000D_
Link: _x000D_
 Panel: Sadat, Al-Yemeni @MARazack26, Fawad, Muris @IslamDiscovered with the #DawahWise Team: @MansurXAhmed and Hashim @DawahWise_x000D_
Please Like, Share, Subscribe and Follow""",label_Irrelevant
""" LIVE TODAY!_x000D_
Please join us for a special DawahWise livestream!_x000D_
Link: _x000D_
Live Q&A - Engage, Challenge, Clarify_x000D_
Thursday, 25th Sep, 2025 at 6pm (UK) | 10:30pm (IST) | 1pm (EST)_x000D_
 Panel: Brandon @MercifulMessage, Muris @IslamDiscovered, I.Hakim @CogentFaith with the #DawahWise Team: @MansurXAhmed and Hashim @DawahWise_x000D_
Please Like, Share, Subscribe and Follow""",label_Irrelevant
""" LIVE TODAY!_x000D_
Please join us for a special DawahWise livestream!_x000D_
Tipu Sultan, The Tiger of Mysore Decolonised - with Live Q&A_x000D_
Link: _x000D_
Thursday, 18th September 2025 at 6pm (UK) | 10:30pm (IST) | 1pm (EST)_x000D_
 Panel: Pablo and Fawad with the #DawahWise Team: @MansurXAhmed and Hashim @DawahWise_x000D_
Please Like, Share, Subscribe and Follow_x000D_
#tipusultan #Islam #India""",label_Irrelevant
"""A believer calls upon Allh with complete certainty that their du' will be answered. Why? Because they believe with certainty of Allh's generosity, knowing that He never lets down those who turn to Him sincerely, calling upon Him directly and alone with an attentive heart.",label_Irrelevant
"""A beautiful admonition from Ubayy bin Kab raAllhuanhu",label_Irrelevant
"""Aisha (may Allah be pleased with her), who said that the Prophet () said:_x000D_
""Indeed, it (good character) increases homes in prosperity and prolongs lifespans.""_x000D_
_x000D_
Imam Ahmad (6/159)._x000D_
_x000D_
This hadith is Saheeh""",label_Irrelevant
"""A news series of lessons beginning in-sh-Allh this Tuesday 28th April, 2026, with Shaykh 'Abdulilah Lahmami @Abdulilah_UK (may Allh protect him). Tafseer of selected verses by the Muhaddith of Madeenah, al-'Allmah, Shaykh 'Abdul Muhsin al-'Abbd al-Badr (may Allh protect him):""",label_Salafi taklidi
"""Beware of pride that prevents us from doing what is right and accepting the truth. The Messenger  said, The one who has an atoms weight of pride in his heart will not enter Paradise. Then he explained, Pride is to reject the truth and look down on people. (Muslim, 91)""",label_Irrelevant
"""The true ihsaan is that you be good to those who were bad to you. Not easy except for the muhsin. Life short what level do u want to reach?""",label_Irrelevant
"""[Clip: 5:55 mins] The Sunnah is Clear! -Abdulilah Lahmami @Abdulilah_UK @learnaboutislam",label_Salafi taklidi
"Imam Ibn al-Qayyim (may Allah have mercy on him) said:_x000D_
No matter how long a trial lasts, it will come to an end._x000D_
Allah has made hardships, pains, and evils in this world cut off (they do not last forever)._x000D_
[Mukhtaar al-Sawaaiq al-Mursalah (p. 268)]_x000D_
Abdulilah lahmami",label_Salafi taklidi
"""Generation after generation, the masjid (mosques) have been the blessed foundation for every student of knowledge and the path of the scholars in seeking & spreading knowledge. Step by step, until many were raised by Allh to become illustrious Imms, beacons of guidance who combined true knowledge with righteous action, benefiting both themselves and the Ummah.""",label_Irrelevant
""" The Salaf and their Fear of the Fitnah of Women",label_Salafi taklidi
"""A hadeeth that should shake the heart of every Muslim, reminding us not to take lightly the sins of the heart, which sadly some neglect, despite their deep and damaging effects on the heart and limbs.",label_Irrelevant
"""When will the Dajjal (the False Messiah) appear? _x000D_
_x000D_
A return to the age of swords, spears and shields.""",label_Salafi jihadi
"""[Clip: 4:51 mins] Advice for the Newly Married or Youth Looking to Get Married - Abdulilah Lahmami @Abdulilah_UK",label_Salafi taklidi
""" The Stance of the Believer During Times of Tribulation  Excerpts from al-Allmah Ibn Bz Raimahullh.

 Sh Abu Fuayl Abdur Raqb.",label_Salafi taklidi
"""A beautiful du' of the great Companion- 'Abdullh ibn Mas'oud (may Allh be pleased with him). A Companion about whom the Prophet (peace and blessings of Allh be upon him) said:_x000D_
""I am pleased for my Ummah with what ibn Ummi 'Abd ('Abdullh ibn Mas'oud) is pleased for it.""_x000D_
[Silsilah al-Ahadeeth as-Saheehah, no.1225]""",label_Irrelevant
"""May Allah have mercy Sa'ud bin Mutlaq al-Wad'ani, one of the noble mashaykh of Ahlus-Sunnah in Al-Ahsa region, he passed away after delivering his Fajr lesson on Saturday. Lived a life full of knowledge and teaching.",label_Salafi taklidi
"Unity is not blind togetherness._x000D_
_x000D_
It is founded upon Tawd, and it exists to preserve Tawd.",label_Salafi taklidi
"""A single moment of sin can destroy what took a lifetime to build._x000D_
_x000D_
Be alert._x000D_
_x000D_
Dont underestimate the One you disobeyed.""",label_Irrelevant
"""Just get divorced is lazy advice.

Never rush to separate what Allah joined, especially when children are involved.

If theres a path to reconcile, find it.

If not, let proper channels handle it""",label_Irrelevant
"""*A Muslim in a World Full of Desires*_x000D_
_x000D_
 Confirmed Speakers:_x000D_
- Ustadh Abul Abbaas_x000D_
- Ustadh Abubakar al Khalafi_x000D_
- Ustadh Basak al Kurdi_x000D_
- Ustadh Muhammad Huzaifah_x000D_
_x000D_
*Sat 4th April, from Asr 5pm till late*_x000D_
_x000D_
All are welcome._x000D_
_x000D_
 Masjid Sunnah Nelson, BB9 9AR",label_Salafi taklidi
"""Sh al-Islm Muammad ibn Abd al-Wahhb Conference 1447H / 2026*

 His life and dawah.
 Clearing common misconceptions.
 Principles that shape sound understanding and the true unity of the Ummah.

 30 March  2 April 2026
 2 Sessions Nightly
 Masjid Quba, Leicester",label_Salafi taklidi
"""We know what we want._x000D_
_x000D_
We even know what it takes to get there._x000D_
_x000D_
But discipline?_x000D_
_x000D_
Consistency?_x000D_
_x000D_
Perseverance?_x000D_
_x000D_
Rare._x000D_
_x000D_
Jannah isnt earned by the lives were currently living._x000D_
_x000D_
May Allah guide us to something better.""",label_Irrelevant
"""We are honoured to host our first annual conference dedicated to Shaykh al-Islam Muhammad ibn Abd al-Wahhb  _x000D_
_x000D_
 30 March  2 April 2026_x000D_
 2 Sessions Nightly_x000D_
 Masjid Quba, Leicester_x000D_
_x000D_
Shaykh Abdul-Haqq at-Turkmani_x000D_
Ustadh Abderahman Hammouche_x000D_
Ustadh Abubakar al-Khalafi",label_Salafi taklidi
"""The Last 10 Nights Are Here - Help Secure Masjid Quba_x000D_
_x000D_
 Donate here: _x000D_
_x000D_
May Allah accept from us all and allow us to secure this masjid for the sake of Allah.",label_Salafi taklidi
"My advice to the youth as Raman enters:_x000D_
_x000D_
Dont make your du all about you_x000D_
_x000D_
Remember the ones who carried you to this point; your parents_x000D_
_x000D_
Theyre either ageing or beneath the earth_x000D_
_x000D_
One day youll be in their place_x000D_
_x000D_
Make du the way you hope your children will for you",label_Irrelevant
"""O Allah, have mercy on those who fasted with us in past Ramadhns but are now beneath the earth._x000D_
_x000D_
They once longed for its nights with us, and now they await our du in their graves._x000D_
_x000D_
O Allah, forgive them, ease their loneliness, and grant them Paradise.""",label_Irrelevant
"""AMAU Lands in Denmark! 

Three classical texts. Two days. One rare opportunity.

AMAU brings you a Dawrah Ilmiyyah designed to do more than inform:

From worship and sound methodology to sciences like Usul al-Fiqh, it builds the toolkit you need to engage the Deen with understanding and confidence.

 Teacher: Shaykh Abubakar al Khalafi 
 78 February, 2026
 Odense, Denmark - Dawah Center (Biskorupvej 2)
 Open to brothers and sisters

This isn't theory in a vacuum. It's knowledge you'll carry with you.

Full schedule & FREE registration:",label_Salafi taklidi
""" An Episode You Cant Afford to Miss!_x000D_
_x000D_
 Sheikh Dr. Asim al-Qaryooti, Ustadh Muhammad Tim Humble, and Sheikh Abubakar al-Khalafi discuss the most pressing challenges facing students of knowledge today:_x000D_
_x000D_
- Struggling to dedicate oneself fully to studying Islam_x000D_
- Taking the wrong paths in seeking knowledge_x000D_
- Burnout and inconsistency_x000D_
- Distance and online learning_x000D_
- And much more_x000D_
_x000D_
 Watch the second episode of Majalis Ilmiyyah NOW:",label_Salafi taklidi
"Rajab is gone. _x000D_
_x000D_
Shabn is here._x000D_
_x000D_
If youre serious about Ramadn, the preparation starts now._x000D_
_x000D_
Clean your heart._x000D_
_x000D_
Repent._x000D_
_x000D_
Because the one who wastes Shabn rarely honours Ramadn.",label_Irrelevant
""" New Series at Masjid Quba starting today_x000D_
_x000D_
 Hearts &amp; Tawheed: The Believers Core_x000D_
_x000D_
 With Shaykh Abubakar al Khalafi @abubakarkhalafi_x000D_
_x000D_
 Every Saturday after Ish (7 PM)_x000D_
_x000D_
 Session 1: Loving Others Like Allah  The Shirk of Love_x000D_
_x000D_
 Based on Kitaab at-Taweed, Chapter 31",label_Salafi taklidi
"""""The Salaf never made men the scale for truth._x000D_
_x000D_
They followed the truth, and honoured those who followed it._x000D_
_x000D_
Today, many have reversed this: we follow fulan = therefore we must be upon the truth._x000D_
_x000D_
This is not Salafiyyah._x000D_
_x000D_
Its sectarianism in Salafi clothes.""_x000D_
""_x000D_
--------------_x000D_
_x000D_
Personality-Based Hizbiyyah: A Hidden Fitnah in the Salafi Dawah",label_Salafi taklidi
"The Salaf never made men the scale for truth._x000D_
_x000D_
They followed the truth, and honoured those who followed it._x000D_
_x000D_
Today, many have reversed this: we follow fulan = therefore we must be upon the truth._x000D_
_x000D_
This is not Salafiyyah._x000D_
_x000D_
Its sectarianism in Salafi clothes.",label_Salafi taklidi
"May Allah purify the dawah from hidden hizbiyyah,_x000D_
_x000D_
Unite us upon truth,_x000D_
_x000D_
And make our hearts attached to the aqq, not people.",label_Salafi taklidi
"""Those with the most speech in disobedience to Allh_x000D_
_x000D_
What about this era of ours wherein sinful speech is glorified on social media?!",label_Irrelevant
"""Beware of pride that prevents us from doing what is right and accepting the truth. The Messenger  said, The one who has an atoms weight of pride in his heart will not enter Paradise. Then he explained, Pride is to reject the truth and look down on people. (Muslim, 91)""",label_Irrelevant
"""Allh is Al-Shahd: The one who is aware of everything... The one who will testify for or against His servants for what they did.

Taken from: Explanation To The Beautiful And Perfect Names Of Allh by Imm Abd al-Ramn bin Nir al-Sad (may Allh have mercy on him)""",label_Irrelevant
"""Seek knowledge in order to act upon it",label_Irrelevant
"""Noble Wives",label_Irrelevant
"""How the Scholars Dealt With The Fitnah of Ibn Hd and the Muafiqah_x000D_
_x000D_
Shaykh Rab bin Hd ( ): Ibn Hds fitnah is more dangerous than that of the adddiyyah by tens of times_x000D_
_x000D_
Read the article:",label_Salafi taklidi
"""The great scholar, al-Imm 'Abdur Rahmn as-Sa'd, Allah have mercy upon him, mentions the benefits of mutual consultation (al-mushwarah):

1. Implementing the commandments of Allah, and following a path that Allah loves, as Allah has described the believers as people of mutual consultation. The Messenger, sallallhu 'alyhi wa sallam would consult his companions.

2. It brings about cohesion amongst the believers.

3. Ideas are clarified and intellects are nurtured.

4. It may be that the correct path is a collobarotation of 2 or 3 opinions.
Correctness in an affair is not known until it is compared with the incorrect position by a sound intellect. 

5. Mutual consultation nurtures love between the believers. 

Majmu'ah of the Shaykh v.26 p.120""",label_Salafi taklidi
"""Abu alah Dawood Burbank (may Allh have mercy upon him and his wife) he was a beloved teacher and friend, a good example to us all. He died in 2011, and till this day, almost daily,  we come across some work he did during his lifetime! 

We miss him dearly, may Allh reward him for his great efforts and grant him and his family the highest ranks of paradise.""",label_Salafi taklidi
"""Dawah at Rideau Station in Ottawa_x000D_
_x000D_
May Allh reward the brothers from Montreal and Ottawa who set up dawah table to invite people to Islm.""",label_Irrelevant
"""A warning from not speaking the truth. 

Translated by Sh Abu Abdillah Bill Hussain ( )",label_Irrelevant
"""Follow the Dall, Not the Muft - 'Allmah Muqbil bin Hdi, Allah have mercy on him_x000D_
_x000D_
al-Allmah Muqbil bin Had al-Wdi, Allah have mercy on him, was asked regarding the befitting stance of a person on a fatwa from a single scholar; specifically in matters of disagreement. Should it suffice him or should he ask as many scholars as possible, and then follow a fatwa from their fatwa? Is this acceptable and is it negligent to ask only a single scholar? _x000D_
_x000D_
His answer:_x000D_
_x000D_
What I advise the brother with, if he is a student of knowledge, is that he should research in the books, and should diligently attempt to find the truth himself from the books of the people of knowledge, and the affair is easy, Allah willing. And if this is not easy, then what matters is the ease of the heart. So if the heart is assured by asking the first scholar [whose answers come] with proof [then this is acceptable]. _x000D_
_x000D_
You must ask for proof, because Allah says, Follow what has been revealed to you from your Lord and do not follow other than Him any awliy. Little do you remember.  [Surat al-Arf: 3]. If he brings proof from the book of Allah and from the sunnah of the Messenger of Allah, sallallhu alaihi wa sallam, and you have understood the proof, then suffice yourself with this, or then you can ask another. And be sure that the proof is not abrogated, or that it is not a proof for what it is being used for, as it may be that the muft takes to a madh-hab, and is giving a fatwa which agrees with his madh-hab._x000D_
_x000D_
Ijbatus-Sil, p.638_x000D_
Translation: Abu Hafsah Kashiff Khan""",label_Salafi taklidi
"""A beautiful admonition from Ubayy bin Kab raAllhuanhu",label_Irrelevant
"""A beautiful du' of the great Companion- 'Abdullh ibn Mas'oud (may Allh be pleased with him). A Companion about whom the Prophet (peace and blessings of Allh be upon him) said:_x000D_
""I am pleased for my Ummah with what ibn Ummi 'Abd ('Abdullh ibn Mas'oud) is pleased for it.""_x000D_
[Silsilah al-Ahadeeth as-Saheehah, no.1225]""",label_Irrelevant
When Silence in the Face of Wrong Brings Collective Punishment...,label_Irrelevant
"""So how can one live with such people?!",label_Irrelevant
"""""Reporters Without Borders has released its 2026 World Press Freedom Index, showing notable progress for Syria, which rose from 177th place in 2025 to 141st in 2026._x000D_
_x000D_
The organization said the improvement comes one year after the fall of former Syrian president Bashar al-Assad, noting that while the countrys press freedom situation remains very serious, all five indicators have improved, particularly the legal framework.""_x000D_
""_x000D_
--------------_x000D_
_x000D_
Syria is doing much, much better, but there's still a long way to go. The @prisonsmuseum 's journalists and documentarists were prevented from accessing former SDF prisons, for instance, with no reason given. Much more transparency is needed.",label_Irrelevant
"""Not sure that waving the flags of a genocidal state in the name of safety of British Jews is going to do to diminish antisemitism?_x000D_
_x000D_
But guess that's not the plan.""",label_Irrelevant
"""  '   .",label_Irrelevant
"""Zionists always post that clip without context. This is a Muhawara, its like a rap battle where they sing about politics. One singer sang for Russia, and another for Ukraine. Its an act",label_Irrelevant
"""My latest interview: w/a board member of the 'Pioneers of Bashan' Movement, the campaign seeking to establish Jewish settlements in south Syria. Topics include its definition of 'Bashan', influence in Israel &amp; the IDF, &amp; its view of the Syrian government",label_Irrelevant
"""""In response to a question about whether he calls Gaza a genocide, this former president said there are disasters and catastrophes everywhere. _x000D_
""_x000D_
--------------_x000D_
_x000D_
a really repulsive human being",label_Irrelevant
"""Zac ran one of the most racist campaigns - at that time - this country has ever seen._x000D_
_x000D_
Hate against both Jewish and Muslim people is on the rise - and we work best when we stand in solidarity with each other._x000D_
_x000D_
Both Antisemitism and Islamophobia are both unacceptable.""",label_Irrelevant
"""Mesopotamia returns to its status as a paradise following unprecedented rains",label_Irrelevant
"""NEW -- #Syria's MOI has captured one of the architects of the August 2013 Sarin gas nerve agent attack on Eastern Ghouta: Major General Adnan Halawa._x000D_
_x000D_
The latest in a series of high-profile arrests related to the #Assad regime's most infamous crimes.",label_Irrelevant
"""As long as the Sinai Plan [Nakba 2.0] is not off the table, the militarisation of Sinai is just the natural order of things. IDF should get used to such live firing and military drills for years to come.",label_Irrelevant
"""Syria has seen a growing number of protests across the country, mostly on socio-economic issues. Here our mapping of protests in the month of April alone. @TheSyriaReport",label_Irrelevant
"""""The European Union has warned Israel that it is ready to impose sanctions on those aiding and abetting the trade of Ukrainian grain stolen by Russia in the occupied territories, after a new ship loaded with the cereal arrived in the port of Haifa._x000D_
_x000D_
 _x000D_
""_x000D_
--------------_x000D_
_x000D_
This is a good reason to sanction Israel, but surely not as good a reason as the genocide of the owners of the land Israel has settled upon.",label_Irrelevant
"The reaction to the stabbing of two British Jews demands once again that anti-genocide marches be stopped, as if antisemitism were caused by people demonstrating for decency and not by something claiming to be a 'Jewish state' perpetrating genocide.",label_Irrelevant
were a reasonable response. Imagine if a fifth of British Muslims said they were planning to move to join ISIS.,label_Irrelevant
"The pro-genocide political class, which contains more atheist and Christian Zionists than Jewish Zionists, is also exploiting the occasion to make disgusting allegations of 'antisemitism' against @ZackPolanski, the Jewish leader of the anti-racist, anti-genocide @TheGreenParty .",label_Irrelevant
"This essential book (by @neepd) is filling in the gaps in my understanding of Syrian history, adding flesh to the bones... Fascinating, and accessibly written.",label_Irrelevant
@neepd Sometimes history rhymes. This was 1954...,label_Irrelevant
@neepd and this was Israel's involvement in 1954,label_Irrelevant
"""NEWSFLASH! We're championing new and exciting voices in the world of food_x000D_
_x000D_
With just one week to go, enter the Food Season Awards 2025 with special guest judge @BegumNadiya._x000D_
_x000D_
Enter now: _x000D_
_x000D_
Supported by @vittlesmagazine, sponsored by @miele",label_Irrelevant
"""For those craving more flavour in their life, and less time in the kitchen._x000D_
_x000D_
@BegumNadiyas newest cookbook #CookOnceEatTwice is full of creative and delicious recipes that prioritise cost and efficiency without forfeiting any of the taste._x000D_
_x000D_
Available at:",label_Irrelevant
"""We chatted to chef and author Nadiya Hussain (@BegumNadiya) about her new cookbook Cook Once, Eat Twice.",label_Irrelevant
"""Turns out, @BegumNadiya just really, really loves crisps  _x000D_
_x000D_
Pick up a copy of this week's #RadioTimes magazine for our full feature and photoshoot with Nadiya - on sale now.",label_Irrelevant
"""Nadiyas ultimate guide to getting the most out of your time spent in the kitchen  all with her signature twist on flavour!_x000D_
_x000D_
Discover how easy it is to stretch your meals, reduce your waste and make life simpler, so you always have satisfying food at your fingertips_x000D_
_x000D_
@BegumNadiyas #CookOnceEatTwice is out now:",label_Irrelevant
"My new book, Cook Once, Eat Twice is out today! My answer to life's busyness and those days when you need food on the table quickly._x000D_
_x000D_
_x000D_
_x000D_
#CookOnceEatTwice",label_Irrelevant
"""""I told my husband to tell Bake Off that I had died"" _x000D_
_x000D_
Bake Off star @BegumNadiya speaks to Ryan Tubridy about her career, new book and TV Show, 'Cook Once, Eat Twice'_x000D_
_x000D_
 Watch the full interview:  _x000D_
_x000D_
#GBBO #VirginRadioUK",label_Irrelevant
"""In this week's Radio Times magazine, Nadiya Hussain discusses growing up in a second-generation British Bangladeshi family, the rise in food waste across the UK and being awarded her MBE._x000D_
_x000D_
Pick up a copy - on sale now._x000D_
_x000D_
Photographer: @JudeEdginton",label_Irrelevant
"Ever thought about using banana peel in your cooking? We have eaten banana peel our whole life, so we are in no way shocked or bamboozled by something like this. Its the perfect way to use up bananas. Recipe in my new book!",label_Irrelevant
"Only 1 week until my new book, Cook Once, Eat Twice is published!_x000D_
This cottage pie is great for so many reasons - it uses easy, accessible ingredients and makes a perfect ready meal for when time is short.",label_Irrelevant
"""Successful trip to @ChatsworthHouse for  @BegumNadiya this weekend - not long to her new book &amp; series launch Cook Once, Eat Twice._x000D_
#bbc2  @MichaelJBooks",label_Irrelevant
"Its a month until Cook Once, Eat Twice hits shelves! Im so excited to start sharing more from the book, starting with this cookie recipe  chocolate and hazelnut are a dream combination, and we always have a supply in our freezer ready for a rainy day.",label_Irrelevant
"Hey everyone! The Short Tail Trail has taken over Luton in support of Keech Hospice Care! By joining the trail, youre enjoying a great day out and helping Keech provide vital services to those with life-limiting illnesses._x000D_
_x000D_
 #ShortTailTrail #HoponBoard #TakeaShelfie",label_Irrelevant
"Is there anything better than a biryani for feeding a crowd? This Eid, Im reaching for this recipe from my Simple Spices book. Its easy, comforting and delicious, with a sweetness from those gorgeous leeks! _x000D_
_x000D_
#Eid #MealIdeas #Celebrate #GoodTimes #NadiyasSimpleSpices",label_Irrelevant
"These Bao buns with spicy tuna do take a little effort to make, and they can get demolished in seconds, but most of the effort is in waiting around  which makes it a perfect dish to make over the weekend! I can promise you its worth it!",label_Irrelevant
"Make your summer plans and join me for the fantastic food festival! See you there _x000D_
_x000D_
#FoodFestival #NationalGeographic #Summer2024",label_Irrelevant
"For the sweet tooths out there! From a hot chocolate custard pudding and surprise snickerdoodles, to my marbled ice cream loaf cake and chocolate cookie pie there are loads of chocolate-themed recipes in my Everyday Baking book. I cant resist this chocolate bombe!",label_Irrelevant
"Looking for lunch inspiration? I love making this coconut fish noodle dish from my Everyday Baking book. Using one of my favourite ingredients (noodles!), its fragrant, warming and so easy to make  I promise youll love it!",label_Irrelevant
""" A night porter encouraged a 12-year old-girl to use a sex toy on herself and even asked her to come and stay in a hotel room with him while on holiday in Cornwall so he could rape her_x000D_
_x000D_
Jonathan Pound started engaging in communication with a child when he joined the Kik messaging app which is known to be targeted at and used by children and teenagers._x000D_
_x000D_
He contacted a girl aged 12 and soon the conversation took a sexualised turn in nature._x000D_
_x000D_
A sentencing hearing at Truro Crown Court yesterday (Monday, April 27) heard how the conversation - even when Pound knew perfectly well that the girl was 12 years old - went from flirtatious to disgusting._x000D_
_x000D_
In 15 exchanges over five weeks, Pound, 44, from Station Road in Grampound Road, between Truro and St Austell, asked the girl if she was into older men, if she had a nice body and even asked her to send him pictures of her breasts and genitals._x000D_
_x000D_
The court heard that on one occasion he asked her to go in the house, locate a sex toy and insert it into her vagina and then he sent her a picture of his penis._x000D_
_x000D_
It was when he tried to encourage the girl to meet up at a hotel room he would book and asked her to come alone so staff would not bat an eyelid but would think she was his own daughter, that Devon and Cornwall Police, who had run the fake-girl account as a paedo-hunting decoy, pounced._x000D_
_x000D_
Pound was arrested and charged with one count of inciting a girl under 13 to engage in sexual activity and another of engaging in sexual communication with a child in connection with the incident in February/March 2024._x000D_
_x000D_
The 44-year-old dad of two young children later pleaded guilty to the charges._x000D_
_x000D_
His barrister said the incident happened two years ago and had been a one-off and Pound had not offended either before or since._x000D_
_x000D_
She said that Pound denied having any sexual interest in children but admitted that what he did was wrong, adding that he had been lonely at the time with no-one to speak to about his mental health issues._x000D_
_x000D_
His Honour Judge Simon Carr said Pound had intended to use Kik because it is targeted at and used by children and teens. _x000D_
_x000D_
He said Pound's conversation with the fake child were entirely sexualised and abhorrent in nature._x000D_
_x000D_
Judge Carr said Pound's offences were so serious an immediate custodial sentence was unavoidable._x000D_
_x000D_
He sentenced Pound to three years in prison. He will serve half before he is eligible to be released on licence. _x000D_
_x000D_
He will also be on the sex offenders' register for life and a sexual harm prevention order restricting his access to the internet was imposed for 10 years. _x000D_
_x000D_
Source UK Database.""",label_Irrelevant
""" THEY CALL IT CEASEFIRE WHILE GAZA STARVES, OCCUPIED PALESTINE BLEEDS, AND THE WORLD LOOKS AWAY | APRIL 27_x000D_
_x000D_
 Aid / Crossings_x000D_
The Gaza Crossing and Border Authority reported 214 trucks entered through Kerem Abu Salem: 134 commercial trucks, 12 aid trucks and 12 fuel trucks. For over 2 million people, this is not relief. It is controlled deprivation. They open the crossing when they choose, close it when they choose, then claim aid is flowing._x000D_
_x000D_
 Water Crisis_x000D_
Gazas water collapse is catastrophic. Families are surviving on less than 10 litres per person daily, with some areas down to 2 litres. Before the war, access was around 80 litres. Water production has fallen from around 100,000 cubic metres per day to 35,000. Dirty water, sewage overflow, disease, insects and rats are now part of survival._x000D_
_x000D_
 Ceasefire Violations_x000D_
Palestinian officials have cited 2,400+ serious israeli violations, including 921 shootings, 1,109 bombardments and attacks, 273 demolitions and 97 incursions. They call it a ceasefire. They keep firing._x000D_
_x000D_
 Imad Miqdad_x000D_
Imad Miqdad was killed after israeli war criminal drones targeted his solar powered phone charging station in Sheikh Radwan. This was one of the few places civilians, journalists and medics could charge phones and stay connected. Destroy hospitals. Destroy water. Destroy roads. Destroy communication._x000D_
_x000D_
 Occupied Palestine / East Jerusalem_x000D_
Occupied Palestine is being strangled in parallel. Since 7 October 2023, OCHA figures cited by UNRWA recorded 1,079 Palestinians killed in occupied Palestine, including East Jerusalem, at least 235 of them children, by 30 March 2026. Save the Children reported 685 Palestinian children displaced by settler violence in the first three months of 2026 alone. In al-Mughayyir near Ramallah, 14 year old Aws al-Naasan and 32 year old Jihad Abu Naim were killed during a settler attack near a school. This is raids, shootings, demolitions, illegal outposts, land seizures, settler terror and forced displacement working together._x000D_
_x000D_
 Dr Hussam Abu Safiya_x000D_
Dr Hussam Abu Safiya, a Palestinian doctor from Gaza, remains in israeli detention without charge according to campaigners and rights advocates. April 28 is the feared key date being raised for his case. He treated the wounded after losing his own son. Then he was taken._x000D_
_x000D_
 Knesset Death Penalty Bill_x000D_
The israeli Knesset passed a death penalty bill targeting Palestinians, advancing execution measures through occupation courts. So while Gaza is starved and bombed, Palestinian prisoners are threatened with execution through the same system that jails doctors without justice._x000D_
_x000D_
 Core Closing Line_x000D_
They jail the doctors, threaten the prisoners, starve the civilians, cut the water, throttle the aid, kill the children, seize the land, build the settlements, then ask the world to call it democracy.""",label_Irrelevant
"""Donate &amp; share!:",label_Irrelevant
"""Help Feed Gaza Now - Our Distribution From February 18th, 2026",label_Irrelevant
"""Remembering Fred Dibnah, born this day in 1938.",label_Irrelevant
"""This is the most difficult and harshest video ever documented of rats inside tents, where dozens of large rats invaded the tent at night while people were asleep, moving through the space between bodies and in every corner without any restraint._x000D_
_x000D_
What I wrote in yesterdays tweet was not an exaggeration it truly happened in front of this young man as documented. An extremely shocking and brutal scene, considered one of the most difficult ever recorded in this reality so far.""",label_Irrelevant
""" A man who exposed himself to multiple women on a London train, breaching a Sexual Harm Prevention Order (SHPO) handed to him less than two weeks prior has been jailed, following a British Transport Police (BTP) investigation._x000D_
_x000D_
Ayman Yanoussi, 21, and of St Johns Road in Newham, was sentenced at Inner London Crown Court on Thursday 16 April to 14 months imprisonment having previously pleaded guilty to two counts of exposure, breaching his SHPO, and possessing cannabis._x000D_
_x000D_
The court heard how on 28 December 2025, at 11.20am, Yanoussi was at Upminster Bridge Underground station sat on a bench on the platform._x000D_
_x000D_
A woman who walked up the platform noticed that Yanoussi was sat with his trousers by his ankles while touching himself inappropriately._x000D_
_x000D_
She took out her phone to record what he was doing to pass on to police, but he quickly pulled his trousers up and hid behind a pillar. He then boarded a District Line train heading towards Wimbledon._x000D_
_x000D_
Not long after he boarded the train, Yanoussi sat next to another woman and pulled his trousers down. After that woman moved away, Yanoussi sat opposite another woman, again exposing himself to her before she moved away._x000D_
_x000D_
Yanoussi repeated this behaviour a third time, sitting next to another woman and exposing himself as the train approached Elm Park at which point several of the women who Yanoussi had targeted left the train._x000D_
_x000D_
Yanoussi continued to expose himself on different trains across London while occasionally touching himself inappropriately until 12.51pm when a woman reported his behaviour to a member of staff._x000D_
_x000D_
The train Yanoussi was on was held at Hammersmith Underground station, and Yanoussi quickly fled the station._x000D_
_x000D_
A BTP officer was dispatched to the station and found Yanoussi waiting at a bus stop where he was promptly arrested for exposure. _x000D_
_x000D_
After being detained, it emerged that Yanoussi had been handed a Sexual Harm Prevention Order less than two weeks earlier after he was sentenced to nine months' imprisonment, suspended for 18 months, having pleaded guilty to three counts of Upskirting that occurred in April 2024._x000D_
_x000D_
Source UK Database.""",label_Irrelevant
""" A primary school teaching assistant groomed a 10-year-old child into sending sexual videos on Snapchat. _x000D_
_x000D_
Charlie Territt, who worked at Streatham Wells Primary School, was sentenced to seven years in prison on Thursday (April 23) by a judge who described him as having a perverted fixation with the victim. _x000D_
_x000D_
Prosecutor Bhavin Patel said that throughout 2024, Territt engaged in late-night conversations with a vulnerable child on Snapchat. _x000D_
_x000D_
The 32-year-old sent sexual videos of himself and incited the child to send similar videos in return. _x000D_
_x000D_
Noticing a change in behaviour, the victim's elder sibling inspected the Snapchat account and discovered Territts vile messages. _x000D_
_x000D_
The abuse was reported to the police and on January 3 last year, police attended Territts home in South Bermondsey where they seized several phones and sex toys. _x000D_
_x000D_
Mr Patel said: ""Whilst police were inside his home, a car left the property. The driver and occupant were the defendants brother and cousin. The car was stopped and two more mobile phones were seized. _x000D_
_x000D_
Territt denied the abuse in interview and continued to do so after being charged, until an analysis of his phone revealed a sexual video of the victim as well as indecent images of three other children. _x000D_
_x000D_
Facing incontrovertible evidence, according to Judge Silas Reid, Territt then pleaded guilty to:_x000D_
_x000D_
- Causing or inciting a child to engage in sexual activity, _x000D_
_x000D_
- Causing a child to watch a sexual act, _x000D_
_x000D_
- Sexual communication with a child  _x000D_
_x000D_
- Making indecent photographs of children aged between 10 and 16. _x000D_
_x000D_
However, the defence said his client denied being a paedophile and that it was an attraction to this child as opposed to a wider interest. _x000D_
_x000D_
When Judge Reid questioned why, if he is not a paedophile, Territt had sexual images of other children too, Mr Waller said there were not as many images as typically seen in paedophile cases. _x000D_
_x000D_
Judge Reid told Territt: What you did can only be described as serious grooming. _x000D_
_x000D_
You engaged in utterly inappropriate conversations about sexual matters designed for your own sexual gratification, culminating in inciting the child to masturbate and you receiving images of it. _x000D_
_x000D_
The damage you wreaked by your behaviour will no doubt last many years if not forever. _x000D_
_x000D_
Judge Reid sentenced Territt to seven years imprisonment. _x000D_
_x000D_
Upon his release he will be the subject of a Sexual Harm Prevention Order and will be on the Sex Offenders Register for life._x000D_
_x000D_
Source UK Database.""",label_Irrelevant
""" Sorry folks, another grim one._x000D_
_x000D_
 A diaper fetishist"" with a grotesque fixation on rooting through bins for used nappies has been jailed for a total of 2.5 years for doing the same thing again._x000D_
_x000D_
Abbie Taylor had been banned from going near bins but was seen by two different people climbing in and searching through their waste, Newcastle Crown Court heard._x000D_
_x000D_
Taylor, who identifies as a woman but previously committed offences under the name Martin Tarling and was being held on remand at a male prison, was given a suspended sentence in 2025 for targeting nurseries in South Tyneside._x000D_
_x000D_
The 47-year-old from South Shields, whose criminal record had 99 offences on it, has admitted breaching a criminal behaviour order and was jailed for two and a half years._x000D_
_x000D_
A three-year order was made in 2023 prohibiting Taylor from attending any nurseries, removing items from bins or wearing incontinence aids over clothing in public, the prosecutor said._x000D_
_x000D_
Taylor was originally given a suspended two years sentence in August 2025 for breaching the 2023 order by committing offences at several nurseries which included repeatedly dumping soiled nappies near nurseries and raking through the bins semi-naked._x000D_
_x000D_
In December 2025, a woman who lived with her husband, who needed to use adult nappies, found several of his soiled garments scattered around their garden, the court heard._x000D_
_x000D_
She believed they might have been blown out by the wind, but later that day heard someone moving her bins and looked out to see Taylor rummaging, the court heard._x000D_
_x000D_
The woman banged on the window and shouted, causing Taylor to flee semi-dressed, the court heard._x000D_
_x000D_
The following day, the woman saw Taylor going through her bin again, with the defendant leaving with a bag of rubbish, the court heard._x000D_
_x000D_
Shortly afterward in December another woman saw Taylor standing in her bin and searching, the prosecutor said._x000D_
_x000D_
A previous court hearing was told Taylor was a ""diaper fetishist"" whose Facebook profile described the defendant as an ""adult baby diaper lover""._x000D_
_x000D_
But in mitigation, a psychiatrist had concluded Taylor 's actions were not sexually motivated, which was accepted by the judge._x000D_
_x000D_
The judge said Taylor had a ""grotesque obsession"" with ""rooting around in bins near care homes or nurseries to retrieve soiled nappies or incontinence wear""._x000D_
_x000D_
""Your conduct is highly anti-social and extremely distressing to people who are affected by it,"" the judge told Taylor._x000D_
_x000D_
Taylor was jailed for 16 months for breaching the 2023 court order and 14 months consecutive for breaching the suspended sentence imposed in August 2025._x000D_
_x000D_
Source True Crime Online.""",label_Irrelevant
"""NEVER FORGET WHAT ISRAEL DID TO GAZA!",label_Irrelevant
"""@KettlebellDan This is how you treat your customers?_x000D_
_x000D_
Enjoy being ratioed by moldy bread",label_Irrelevant
""": Bees are officially declared the most important living species on the planet, essential to human life.",label_Irrelevant
"""Is Iran  Fighting For Islam And Palestine? Br Shamsi",label_Irrelevant
"""This Munafiq reminds me of the Hadith:_x000D_
_x000D_
Wretched is the slave of the dinar.",label_Irrelevant
"Shaykh Abu Al al-asan said,_x000D_
_x000D_
Dont be surprised by the actions, behavior or stances of the Madkhilahfor they are vile traitors._x000D_
_x000D_
If a person becomes slave to the ruler, then expect from him every evil action._x000D_
_x000D_
A Madkhal feels no shame to act as a pimp for his authority.",label_Salafi jihadi
"Apostasy of Normalization with the occupying state of Israel_x000D_
_x000D_
[]",label_Salafi jihadi
10. Senior student of Shaykh Sulayman al-Alwn said the same.,label_Salafi jihadi
"""""#NEW | The Ruling on Normalization Treaties | (01) Ramadn 1445 Q&amp;A | Shaykh Ahmad Musa Jibril (  )_x000D_
_x000D_
#Ramadan1445QA _x000D_
""_x000D_
--------------_x000D_
_x000D_
11. Shaykh Amad Ms Jibrl",label_Salafi jihadi
"al-Muallim al-Yamn said,

Know that Allh,  , may cause some of the sincere people to fall into a certain mistake as a trial for others: will they follow the truth and leave that persons statement, or will they be deceived by his virtue and status? That person is",label_Irrelevant
"The Salaf saw the school of the Murji'ah to be the most dangerous, because it is an entrance for falsehood. The Murji'ah of old opened the door for the Jahmiyyah, and the modern day Murji'ah have opened the door for Liberalism.",label_Salafi jihadi
"I don't get why anyone would put sugar in Afghani pulao, I prefer when it's unsweetened and definitely no chickpeas.",label_Irrelevant
"""A breakfast in Afghanistan",label_Irrelevant
"""""Imam Shafii   said:  _x000D_
 _x000D_
Conceal your hardship so much so the people presume you are blessed and have an easy life._x000D_
 _x000D_
[Manaqib ash-Shafi, 2/188]""_x000D_
""_x000D_
--------------_x000D_
_x000D_
Apparently this report is very weak. _x000D_
Let's not copy paste things.",label_Irrelevant
"""Afghanistan is ruled by a bunch of uneducated mushrikin who believe if a woman gets educated (learn to read and write) she will start writing letters to her boyfriend, this was said by one of the scholars of the Afghan regime.""",label_Irrelevant
"""A Salafi scholar from Afghanistan Sheikh Sardar Wali Thaqib   _x000D_
was murdered in his own house by an ""unknown"" guest that came to his house. _x000D_
The Sufi Talib regime said they will find out and its been more then 3 years they haven't found who did it nor they care about it.",label_Irrelevant
"""this horse is stunning",label_Irrelevant
"""""You can tell majority of the Muslims are just secular leaning, despite Afghanistan, Iraq, Palastine. Syria and Sudan killings of sunnis, they are still brainwashed by western media._x000D_
_x000D_
We are at an age where non Muslims make vlogs about Afghanistan while Muslims badmouth it.""_x000D_
""_x000D_
--------------_x000D_
_x000D_
Afghanistan is ruled by a bunch of uneducated mushrikin who believe if a woman gets educated (learn to read and write) she will start writing letters to her boyfriend, this was said by one of the scholars of the Afghan regime.",label_Irrelevant
"""Meat vendors in Xinjiang are locked behind cages",label_Irrelevant
"""kensington to leicester square #walkmaxxing",label_Irrelevant
"""BREAKING - UAE announces exit from OPEC, OPEC+""",label_Irrelevant
Hooray,label_Irrelevant
"""I dont know why I have so many mutuals interacting with this blasphemer. _x000D_
_x000D_
He went from Pro-Axis to Anti-Iran in few years and even then he continued on with his blasphemy comments under the cover of trolling.",label_Irrelevant
"""   _x000D_
_x000D_
This is a response to Mourad on the Aqidah of Shaykhul Islam Muwaffaq Ibn Qudamah Al-Maqdisi   ._x000D_
There will be 3 parts to this_x000D_
1Terminology_x000D_
2Refutation_x000D_
3Statements of the Imam himself""",label_Irrelevant
"""Sh Iyad Ghali is probably the best thing thats ever come out of Tablighi Jamaah_x000D_
_x000D_
They are very good at targeting Muslims who have a dunya centred life in bringing them back to the mosques and creating awareness for Islam _x000D_
_x000D_
Yet being stuck with them is the greatest waste of time""",label_Irrelevant
"""Dawah Mafia._x000D_
_x000D_
Screw their Unity.",label_Irrelevant
"""The children who are tormented by the tyrants of the world today, will tomorrow bi idhni Allah trample upon the heads of the same tyrants""",label_Irrelevant
"""""- 2011 teenager writes four words on a wall._x000D_
-  sparks a revolution._x000D_
- tortured hung for 45 days._x000D_
- 13 years on the run._x000D_
- joins the resistance._x000D_
- 2024: enters Damascus to overthrow the regime _x000D_
- 2026 watches his alawite torturer caged_x000D_
- the boy? Muawiyah.. _x000D_
poetic justice oof""_x000D_
""_x000D_
--------------_x000D_
_x000D_
Beautiful",label_Irrelevant
"""- 2011 teenager writes four words on a wall._x000D_
-  sparks a revolution._x000D_
- tortured hung for 45 days._x000D_
- 13 years on the run._x000D_
- joins the resistance._x000D_
- 2024: enters Damascus to overthrow the regime _x000D_
- 2026 watches his alawite torturer caged_x000D_
- the boy? Muawiyah.. _x000D_
poetic justice oof""",label_Irrelevant
"""""Morrocan politician Mustafa Binali:_x000D_
_x000D_
""We as a party express our support for all directions that serve the interest of voters at this delicate stage, through which Morocco has moved from the project of an Islamic state to the project of a liberal democratic social state. _x000D_
""_x000D_
--------------_x000D_
_x000D_
Only an ignorant person would be surprised at this. Morocco have been apostates for so many decades lmfao, they been selling out since 1945. And the state was always secular, they just decided to make these statements now but it doesnt change anything",label_Salafi jihadi
"""""Moroccan minister of justice Abdul Latif Wahbi says that a (unrelated) man &amp; woman being alone in a house is not a crime. He then refers to the Hadith of Shaytaan being the third of them &amp; mocks it by saying Give me the national identity card of Shaytaan. _x000D_
""_x000D_
--------------_x000D_
_x000D_
Look how dirty these jahannamis are. Just last week we saw tebboune making these filthy statements and now these dogs decided to hop on too. Its also pure cope to limit to to these states or UAE. None of the other rulers are different",label_Irrelevant
Russia will never come through for you lmao,label_Irrelevant
"General Modibo Kon, Malian National Intelligence Chief, just got packed too.",label_Irrelevant
"""Follow this beneficial account""",label_Irrelevant
"""A statement of the Murjiah:_x000D_
_x000D_
Aiding kuffr in killing Muslims is only kufr if it stems from love for their religion._x000D_
_x000D_
 Shaykh Abdullh al-unaymn_x000D_
 Shaykh Sulaymn al-Alwn_x000D_
 Shaykh Khlid al-Fulayj_x000D_
 Faial al-Jsim",label_Irrelevant
"""The adversaries of tawd, the promoters of moral decay, and those calling for liberation from values, ethics, and divine commands and prohibitions; such people are increasing in this age, not diminishing. They proclaim that whoever merely says l ilha ill Allh is a believer, even if he abandons the Sharah of Allah entirely!_x000D_
_x000D_
In their view and creed, rulings pertain only to what lies in the heart, not to outward actions. And the more pretentious among them insist that l ilha ill Allh does not encompass all aspects of life. The result of this corrupt ideology has been the spread of wickedness across the earth, the suspension of jihd in the path of Allah, and the rise of shirk, biddah, and political, economic, intellectual, and social deviations among the Muslims, whereby the true meanings of the Sharah have been lost._x000D_
_x000D_
Thus the Murji doctrine fused with the secular mindset that seeks to sever religion from life and life from religion. Many people came to believe that worship is confined to ritual acts performed in the home and the mosque, and that religion has no place in governance or politics. They roll off their tongues the word of unbelief: Render unto Allah what is Allahs, and unto Caesar what is Caesars._x000D_
_x000D_
al-Allmah Sulaymn al-Alwn - Al inna nasra Allhi qarb""",label_Irrelevant
"""Imam Jamil Al-Amin passed away today while still confined within the prison walls. Like his companion, Imam Luqman Abdullah, who preceded him, these were men who, in shAllh, remained steadfast and true to their covenant with Allh. They stood in stark contrast to many other imams in the West, who faltered and compromised._x000D_
_x000D_
Though they may not have been formally recognized as ulama, theyin shAllhacted upon the knowledge they possessed, which is what truly matters.         . Even amid his suffering, Imam Jamil remained thoughtful, conveying his salm to me through some who were in touch with him._x000D_
_x000D_
May Allh forgive them both, envelop them in His infinite mercy, illuminate their graves with radiant light, and elevate their ranks among the righteous._x000D_
_x000D_
Ahmad Musa Jibril _x000D_
2 Jumda ath-Thn 1447""",label_Irrelevant
"""His friend went to Sudan to find his family and he ended up being massacred along with his family by the RSF. Every person killed by this UAE sponsored RSF militia will have friends and family that are hurting. For them and their families make sure you #BoycottUAE",label_Irrelevant
""" ,      !!",label_Irrelevant
"""       !           ,   -   (   )        !_x000D_
_x000D_
(.:                )",label_Irrelevant
"""",label_Irrelevant
"""        !   ??       ?_x000D_
_x000D_
        -      -",label_Irrelevant
"""Dont speak against the ruler._x000D_
_x000D_
The ruler in question:",label_Irrelevant
"""BREAKING: UAE says it will quit OPEC and OPEC+.",label_Irrelevant
"""State-backed Liberals are given media positions, and the Extremists of Obedience are given official religious positions, all in the name of defending against an imaginary bogeyman: the Islamic movements.",label_Irrelevant
"The Salaf saw the school of the Murji'ah to be the most dangerous, because it is an entrance for falsehood. The Murji'ah of old opened the door for the Jahmiyyah, and the modern day Murji'ah have opened the door for Liberalism._x000D_
_x000D_
- Shaykh Abdul Aziz at-Tarefe",label_Salafi taklidi
"The distinctive characteristics of the secularists in the Arab world

- Shaykh Muhammad Hassan Didu",label_Irrelevant
"Do they not see that they are tried every year once or twice but then they do not repent nor do they remember?_x000D_
_x000D_
- Shaykh Ibrahim as-Sakraan (may Allah protect &amp; free him)",label_Salafi taklidi
Muslim politicians &amp; government figures in Muslim lands do not just suddenly start disassociating themselves from Islam &amp; mocking the religion overnight. This is the result of a long process to completely secularise Muslim lands &amp; the prevalence of Irjaa &amp; the callers to it.,label_Salafi jihadi
"""IDF announces the death of a soldier who died of wounds sustained in southern Lebanon: Sergeant Idan Fooks, 19.",label_Irrelevant
"""NEW: The confession of the perpetrator of the Tadamon Massacre, Amjad Yousesf:_x000D_
_x000D_
 The individual appearing in the viral footage known as the Tadamon massacre is me, Amjad Youssef. These events date back to the early years of the Syrian revolution. _x000D_
_x000D_
 At the time, I was accompanied by Najib al-Halabi and a photographer whose name I cannot recall. We rounded up 40 individuals at random, under the pretext that they were 'terrorists'._x000D_
_x000D_
 We took them to a pre-dug pit, where I began executing them, as shown in the video. In some instances, I waited for the victim to fall into the pit before firing; in others, I shot them before they fell. _x000D_
_x000D_
 Intermittently, I would call on Najib al-Halabi to take his turn in the killing, until we had executed everyone present._x000D_
_x000D_
 We had previously placed car tires at the bottom of the pit. After the executions, we piled more tires over the bodies and set them on fire to prevent the scent of decomposition from spreading throughout the area. We then filled the pit. _x000D_
_x000D_
 I received no military orders to carry out this massacre, it was my own personal decision. _x000D_
_x000D_
 I cannot explain why there were exactly 40 victims, the selection was arbitrary, dictated solely by the circumstances at the time._x000D_
_x000D_
Source: Usman A Khan and translation by Syrian journalist Qusay Noor""",label_Irrelevant
"""Mass Kidnappings Across Chechnya! _x000D_
_x000D_
Russian occupational forces and FSB-directed units have launched what appears to be a coordinated new wave of mass abductions across occupied Chechnya. Over 100 people are reportedly kidnapped in just the past few days alone, with operations spanning multiple villages and districts._x000D_
_x000D_
The Kadyrov-Russian regime continues its hunt for young men. Some of those kidnapped are sent to military enlistment offices and forced to sign contracts with the Ministry of Defence. Families of the kidnapped are being extorted for hundreds of thousands of rubles._x000D_
_x000D_
According to NIYSO, one of the abducted residents of the village of Prigorodnoe has died whilst in  custody.  The deceased has been identified as Mimbulatov  a father of two brothers, who was abducted alongside them. Whether he was subjected to torture remains unclear, as given his advanced age (60+), even the stress of the situation alone could have led to death._x000D_
_x000D_
Today, a large number of people who knew the Mimbulatov family came to the funeral in Prigorodnoe. No investigation into the cause of death or criminal proceedings against the officers involved will, of course, take place. The Kadyrov puppet administration continues to terrorise and kill Chechens,""",label_Irrelevant
"Morrocan politician Mustafa Binali_x000D_
_x000D_
""We as a party express our support for all directions that serve the interest of voters at this delicate stage, through which Morocco has moved from the project of an Islamic state to the project of a liberal democratic social state.",label_Irrelevant
