text,label_Salafi jihadi,label_Salafi taklidi,label_Irrelevant
"""""Reporters Without Borders has released its 2026 World Press Freedom Index, showing notable progress for Syria, which rose from 177th place in 2025 to 141st in 2026.

The organization said the improvement comes one year after the fall of former Syrian president Bashar al-Assad, noting that while the countrys press freedom situation remains very serious, all five indicators have improved, particularly the legal framework.""
""
--------------

Syria is doing much, much better, but there's still a long way to go. The @prisonsmuseum 's journalists and documentarists were prevented from accessing former SDF prisons, for instance, with no reason given. Much more transparency is needed.",5.461881e-09,3.4072438e-09,1.0
"To protest the antisemitic attack in London, a group proudly waves the flag of a fascist settler state engaged in genocide. Wrong response.",3.4516512e-09,4.154585e-09,1.0
"""Not sure that waving the flags of a genocidal state in the name of safety of British Jews is going to do to diminish antisemitism?

But guess that's not the plan.""",3.6991137e-09,3.949224e-09,1.0
"""  '   .",3.5600503e-09,4.5626063e-09,1.0
"""Zionists always post that clip without context. This is a Muhawara, its like a rap battle where they sing about politics. One singer sang for Russia, and another for Ukraine. Its an act",3.9999093e-09,3.2517484e-09,1.0
"""My latest interview: w/a board member of the 'Pioneers of Bashan' Movement, the campaign seeking to establish Jewish settlements in south Syria. Topics include its definition of 'Bashan', influence in Israel &amp; the IDF, &amp; its view of the Syrian government",3.6315262e-09,4.149501e-09,1.0
"""""In response to a question about whether he calls Gaza a genocide, this former president said there are disasters and catastrophes everywhere. 
""
--------------

a really repulsive human being",3.652059e-09,3.916653e-09,1.0
"""Zac ran one of the most racist campaigns - at that time - this country has ever seen.

Hate against both Jewish and Muslim people is on the rise - and we work best when we stand in solidarity with each other.

Both Antisemitism and Islamophobia are both unacceptable.""",3.9765253e-09,3.4001093e-09,1.0
"""Mesopotamia returns to its status as a paradise following unprecedented rains",3.97044e-09,3.651474e-09,1.0
"""NEW -- #Syria's MOI has captured one of the architects of the August 2013 Sarin gas nerve agent attack on Eastern Ghouta: Major General Adnan Halawa.

The latest in a series of high-profile arrests related to the #Assad regime's most infamous crimes.",4.429667e-09,3.0169067e-09,1.0
"""As long as the Sinai Plan [Nakba 2.0] is not off the table, the militarisation of Sinai is just the natural order of things. IDF should get used to such live firing and military drills for years to come.",3.9588928e-09,3.2463197e-09,1.0
"""Syria has seen a growing number of protests across the country, mostly on socio-economic issues. Here our mapping of protests in the month of April alone. @TheSyriaReport",3.39253e-09,4.622195e-09,1.0
"""""The European Union has warned Israel that it is ready to impose sanctions on those aiding and abetting the trade of Ukrainian grain stolen by Russia in the occupied territories, after a new ship loaded with the cereal arrived in the port of Haifa.

 
""
--------------

This is a good reason to sanction Israel, but surely not as good a reason as the genocide of the owners of the land Israel has settled upon.",5.5699574e-09,2.6629088e-09,1.0
"The reaction to the stabbing of two British Jews demands once again that anti-genocide marches be stopped, as if antisemitism were caused by people demonstrating for decency and not by something claiming to be a 'Jewish state' perpetrating genocide.",3.3931966e-09,4.445469e-09,1.0
were a reasonable response. Imagine if a fifth of British Muslims said they were planning to move to join ISIS.,3.5646026e-09,4.1028008e-09,1.0
"The pro-genocide political class, which contains more atheist and Christian Zionists than Jewish Zionists, is also exploiting the occasion to make disgusting allegations of 'antisemitism' against @ZackPolanski, the Jewish leader of the anti-racist, anti-genocide @TheGreenParty .",2.782402e-09,8.476101e-08,0.9999999
"This essential book (by @neepd) is filling in the gaps in my understanding of Syrian history, adding flesh to the bones... Fascinating, and accessibly written.",2.3013969e-09,1.1959074e-08,1.0
@neepd Sometimes history rhymes. This was 1954...,3.4995662e-09,7.591826e-09,1.0
@neepd and this was Israel's involvement in 1954,3.649093e-09,5.1957234e-09,1.0
"""NEWSFLASH! We're championing new and exciting voices in the world of food

With just one week to go, enter the Food Season Awards 2025 with special guest judge @BegumNadiya.

Enter now: 

Supported by @vittlesmagazine, sponsored by @miele",2.6907339e-09,0.9999999,1.5158288e-07
"""For those craving more flavour in their life, and less time in the kitchen.

@BegumNadiyas newest cookbook #CookOnceEatTwice is full of creative and delicious recipes that prioritise cost and efficiency without forfeiting any of the taste.

Available at:",4.6879145e-09,1.0,9.046591e-09
"""We chatted to chef and author Nadiya Hussain (@BegumNadiya) about her new cookbook Cook Once, Eat Twice.",1.7618538e-09,7.9754926e-07,0.99999917
"""Turns out, @BegumNadiya just really, really loves crisps  

Pick up a copy of this week's #RadioTimes magazine for our full feature and photoshoot with Nadiya - on sale now.",2.2804971e-09,1.6998113e-08,1.0
"""Nadiyas ultimate guide to getting the most out of your time spent in the kitchen  all with her signature twist on flavour!

Discover how easy it is to stretch your meals, reduce your waste and make life simpler, so you always have satisfying food at your fingertips

@BegumNadiyas #CookOnceEatTwice is out now:",2.4323774e-09,0.99999964,3.9290458e-07
"My new book, Cook Once, Eat Twice is out today! My answer to life's busyness and those days when you need food on the table quickly.



#CookOnceEatTwice",2.7892089e-09,5.4107625e-09,1.0
"""""I told my husband to tell Bake Off that I had died"" 

Bake Off star @BegumNadiya speaks to Ryan Tubridy about her career, new book and TV Show, 'Cook Once, Eat Twice'

 Watch the full interview:  

#GBBO #VirginRadioUK",2.7801421e-09,0.9999999,8.930632e-08
"""Nadiya Hussain recalls The Great British Bake Off nerves - 'I had to fight myself to get there'




@BegumNadiya #GBBO  #TheRyanTubridyShow #VirginRadioUK",1.0464527e-08,0.9987343,0.0012657475
"""In this week's Radio Times magazine, Nadiya Hussain discusses growing up in a second-generation British Bangladeshi family, the rise in food waste across the UK and being awarded her MBE.

Pick up a copy - on sale now.

Photographer: @JudeEdginton",1.8546673e-09,2.510023e-07,0.99999976
"Ever thought about using banana peel in your cooking? We have eaten banana peel our whole life, so we are in no way shocked or bamboozled by something like this. Its the perfect way to use up bananas. Recipe in my new book!",2.989629e-09,4.864193e-09,1.0
"Only 1 week until my new book, Cook Once, Eat Twice is published!
This cottage pie is great for so many reasons - it uses easy, accessible ingredients and makes a perfect ready meal for when time is short.",2.7883897e-09,6.0371894e-09,1.0
"""Successful trip to @ChatsworthHouse for  @BegumNadiya this weekend - not long to her new book &amp; series launch Cook Once, Eat Twice.
#bbc2  @MichaelJBooks",2.4408924e-09,2.3245546e-08,1.0
"Its a month until Cook Once, Eat Twice hits shelves! Im so excited to start sharing more from the book, starting with this cookie recipe  chocolate and hazelnut are a dream combination, and we always have a supply in our freezer ready for a rainy day.",2.7739822e-09,6.4352386e-09,1.0
"Hey everyone! The Short Tail Trail has taken over Luton in support of Keech Hospice Care! By joining the trail, youre enjoying a great day out and helping Keech provide vital services to those with life-limiting illnesses.

 #ShortTailTrail #HoponBoard #TakeaShelfie",2.0891004e-09,1.9295806e-08,1.0
"Is there anything better than a biryani for feeding a crowd? This Eid, Im reaching for this recipe from my Simple Spices book. Its easy, comforting and delicious, with a sweetness from those gorgeous leeks! 

#Eid #MealIdeas #Celebrate #GoodTimes #NadiyasSimpleSpices",3.6637384e-09,4.0788546e-09,1.0
"These Bao buns with spicy tuna do take a little effort to make, and they can get demolished in seconds, but most of the effort is in waiting around  which makes it a perfect dish to make over the weekend! I can promise you its worth it!",3.7909405e-09,3.7539283e-09,1.0
"Make your summer plans and join me for the fantastic food festival! See you there 

#FoodFestival #NationalGeographic #Summer2024",2.7529723e-09,5.953553e-09,1.0
"For the sweet tooths out there! From a hot chocolate custard pudding and surprise snickerdoodles, to my marbled ice cream loaf cake and chocolate cookie pie there are loads of chocolate-themed recipes in my Everyday Baking book. I cant resist this chocolate bombe!",3.3657954e-09,4.4875534e-09,1.0
"Looking for lunch inspiration? I love making this coconut fish noodle dish from my Everyday Baking book. Using one of my favourite ingredients (noodles!), its fragrant, warming and so easy to make  I promise youll love it!",3.0145428e-09,5.1966853e-09,1.0
""" A night porter encouraged a 12-year old-girl to use a sex toy on herself and even asked her to come and stay in a hotel room with him while on holiday in Cornwall so he could rape her

Jonathan Pound started engaging in communication with a child when he joined the Kik messaging app which is known to be targeted at and used by children and teenagers.

He contacted a girl aged 12 and soon the conversation took a sexualised turn in nature.

A sentencing hearing at Truro Crown Court yesterday (Monday, April 27) heard how the conversation - even when Pound knew perfectly well that the girl was 12 years old - went from flirtatious to disgusting.

In 15 exchanges over five weeks, Pound, 44, from Station Road in Grampound Road, between Truro and St Austell, asked the girl if she was into older men, if she had a nice body and even asked her to send him pictures of her breasts and genitals.

The court heard that on one occasion he asked her to go in the house, locate a sex toy and insert it into her vagina and then he sent her a picture of his penis.

It was when he tried to encourage the girl to meet up at a hotel room he would book and asked her to come alone so staff would not bat an eyelid but would think she was his own daughter, that Devon and Cornwall Police, who had run the fake-girl account as a paedo-hunting decoy, pounced.

Pound was arrested and charged with one count of inciting a girl under 13 to engage in sexual activity and another of engaging in sexual communication with a child in connection with the incident in February/March 2024.

The 44-year-old dad of two young children later pleaded guilty to the charges.

His barrister said the incident happened two years ago and had been a one-off and Pound had not offended either before or since.

She said that Pound denied having any sexual interest in children but admitted that what he did was wrong, adding that he had been lonely at the time with no-one to speak to about his mental health issues.

His Honour Judge Simon Carr said Pound had intended to use Kik because it is targeted at and used by children and teens. 

He said Pound's conversation with the fake child were entirely sexualised and abhorrent in nature.

Judge Carr said Pound's offences were so serious an immediate custodial sentence was unavoidable.

He sentenced Pound to three years in prison. He will serve half before he is eligible to be released on licence. 

He will also be on the sex offenders' register for life and a sexual harm prevention order restricting his access to the internet was imposed for 10 years. 

Source UK Database.""",3.3280678e-09,5.1933955e-09,1.0
""" THEY CALL IT CEASEFIRE WHILE GAZA STARVES, OCCUPIED PALESTINE BLEEDS, AND THE WORLD LOOKS AWAY | APRIL 27

 Aid / Crossings
The Gaza Crossing and Border Authority reported 214 trucks entered through Kerem Abu Salem: 134 commercial trucks, 12 aid trucks and 12 fuel trucks. For over 2 million people, this is not relief. It is controlled deprivation. They open the crossing when they choose, close it when they choose, then claim aid is flowing.

 Water Crisis
Gazas water collapse is catastrophic. Families are surviving on less than 10 litres per person daily, with some areas down to 2 litres. Before the war, access was around 80 litres. Water production has fallen from around 100,000 cubic metres per day to 35,000. Dirty water, sewage overflow, disease, insects and rats are now part of survival.

 Ceasefire Violations
Palestinian officials have cited 2,400+ serious israeli violations, including 921 shootings, 1,109 bombardments and attacks, 273 demolitions and 97 incursions. They call it a ceasefire. They keep firing.

 Imad Miqdad
Imad Miqdad was killed after israeli war criminal drones targeted his solar powered phone charging station in Sheikh Radwan. This was one of the few places civilians, journalists and medics could charge phones and stay connected. Destroy hospitals. Destroy water. Destroy roads. Destroy communication.

 Occupied Palestine / East Jerusalem
Occupied Palestine is being strangled in parallel. Since 7 October 2023, OCHA figures cited by UNRWA recorded 1,079 Palestinians killed in occupied Palestine, including East Jerusalem, at least 235 of them children, by 30 March 2026. Save the Children reported 685 Palestinian children displaced by settler violence in the first three months of 2026 alone. In al-Mughayyir near Ramallah, 14 year old Aws al-Naasan and 32 year old Jihad Abu Naim were killed during a settler attack near a school. This is raids, shootings, demolitions, illegal outposts, land seizures, settler terror and forced displacement working together.

 Dr Hussam Abu Safiya
Dr Hussam Abu Safiya, a Palestinian doctor from Gaza, remains in israeli detention without charge according to campaigners and rights advocates. April 28 is the feared key date being raised for his case. He treated the wounded after losing his own son. Then he was taken.

 Knesset Death Penalty Bill
The israeli Knesset passed a death penalty bill targeting Palestinians, advancing execution measures through occupation courts. So while Gaza is starved and bombed, Palestinian prisoners are threatened with execution through the same system that jails doctors without justice.

 Core Closing Line
They jail the doctors, threaten the prisoners, starve the civilians, cut the water, throttle the aid, kill the children, seize the land, build the settlements, then ask the world to call it democracy.""",4.6862163e-09,3.3999343e-09,1.0
"""Donate &amp; share!:",3.8367465e-09,4.0291135e-09,1.0
"""Help Feed Gaza Now - Our Distribution From February 18th, 2026",3.77758e-09,3.6409171e-09,1.0
"""Remembering Fred Dibnah, born this day in 1938.",3.627331e-09,3.975479e-09,1.0
"""This is the most difficult and harshest video ever documented of rats inside tents, where dozens of large rats invaded the tent at night while people were asleep, moving through the space between bodies and in every corner without any restraint.

What I wrote in yesterdays tweet was not an exaggeration it truly happened in front of this young man as documented. An extremely shocking and brutal scene, considered one of the most difficult ever recorded in this reality so far.""",3.1330205e-09,4.6730686e-09,1.0
""" A man who exposed himself to multiple women on a London train, breaching a Sexual Harm Prevention Order (SHPO) handed to him less than two weeks prior has been jailed, following a British Transport Police (BTP) investigation.

Ayman Yanoussi, 21, and of St Johns Road in Newham, was sentenced at Inner London Crown Court on Thursday 16 April to 14 months imprisonment having previously pleaded guilty to two counts of exposure, breaching his SHPO, and possessing cannabis.

The court heard how on 28 December 2025, at 11.20am, Yanoussi was at Upminster Bridge Underground station sat on a bench on the platform.

A woman who walked up the platform noticed that Yanoussi was sat with his trousers by his ankles while touching himself inappropriately.

She took out her phone to record what he was doing to pass on to police, but he quickly pulled his trousers up and hid behind a pillar. He then boarded a District Line train heading towards Wimbledon.

Not long after he boarded the train, Yanoussi sat next to another woman and pulled his trousers down. After that woman moved away, Yanoussi sat opposite another woman, again exposing himself to her before she moved away.

Yanoussi repeated this behaviour a third time, sitting next to another woman and exposing himself as the train approached Elm Park at which point several of the women who Yanoussi had targeted left the train.

Yanoussi continued to expose himself on different trains across London while occasionally touching himself inappropriately until 12.51pm when a woman reported his behaviour to a member of staff.

The train Yanoussi was on was held at Hammersmith Underground station, and Yanoussi quickly fled the station.

A BTP officer was dispatched to the station and found Yanoussi waiting at a bus stop where he was promptly arrested for exposure. 

After being detained, it emerged that Yanoussi had been handed a Sexual Harm Prevention Order less than two weeks earlier after he was sentenced to nine months' imprisonment, suspended for 18 months, having pleaded guilty to three counts of Upskirting that occurred in April 2024.

Source UK Database.""",4.4084856e-09,4.8570725e-09,1.0
""" A primary school teaching assistant groomed a 10-year-old child into sending sexual videos on Snapchat. 

Charlie Territt, who worked at Streatham Wells Primary School, was sentenced to seven years in prison on Thursday (April 23) by a judge who described him as having a perverted fixation with the victim. 

Prosecutor Bhavin Patel said that throughout 2024, Territt engaged in late-night conversations with a vulnerable child on Snapchat. 

The 32-year-old sent sexual videos of himself and incited the child to send similar videos in return. 

Noticing a change in behaviour, the victim's elder sibling inspected the Snapchat account and discovered Territts vile messages. 

The abuse was reported to the police and on January 3 last year, police attended Territts home in South Bermondsey where they seized several phones and sex toys. 

Mr Patel said: ""Whilst police were inside his home, a car left the property. The driver and occupant were the defendants brother and cousin. The car was stopped and two more mobile phones were seized. 

Territt denied the abuse in interview and continued to do so after being charged, until an analysis of his phone revealed a sexual video of the victim as well as indecent images of three other children. 

Facing incontrovertible evidence, according to Judge Silas Reid, Territt then pleaded guilty to:

- Causing or inciting a child to engage in sexual activity, 

- Causing a child to watch a sexual act, 

- Sexual communication with a child  

- Making indecent photographs of children aged between 10 and 16. 

However, the defence said his client denied being a paedophile and that it was an attraction to this child as opposed to a wider interest. 

When Judge Reid questioned why, if he is not a paedophile, Territt had sexual images of other children too, Mr Waller said there were not as many images as typically seen in paedophile cases. 

Judge Reid told Territt: What you did can only be described as serious grooming. 

You engaged in utterly inappropriate conversations about sexual matters designed for your own sexual gratification, culminating in inciting the child to masturbate and you receiving images of it. 

The damage you wreaked by your behaviour will no doubt last many years if not forever. 

Judge Reid sentenced Territt to seven years imprisonment. 

Upon his release he will be the subject of a Sexual Harm Prevention Order and will be on the Sex Offenders Register for life.

Source UK Database.""",4.3434674e-09,4.0780845e-09,1.0
""" Sorry folks, another grim one.

 A diaper fetishist"" with a grotesque fixation on rooting through bins for used nappies has been jailed for a total of 2.5 years for doing the same thing again.

Abbie Taylor had been banned from going near bins but was seen by two different people climbing in and searching through their waste, Newcastle Crown Court heard.

Taylor, who identifies as a woman but previously committed offences under the name Martin Tarling and was being held on remand at a male prison, was given a suspended sentence in 2025 for targeting nurseries in South Tyneside.

The 47-year-old from South Shields, whose criminal record had 99 offences on it, has admitted breaching a criminal behaviour order and was jailed for two and a half years.

A three-year order was made in 2023 prohibiting Taylor from attending any nurseries, removing items from bins or wearing incontinence aids over clothing in public, the prosecutor said.

Taylor was originally given a suspended two years sentence in August 2025 for breaching the 2023 order by committing offences at several nurseries which included repeatedly dumping soiled nappies near nurseries and raking through the bins semi-naked.

In December 2025, a woman who lived with her husband, who needed to use adult nappies, found several of his soiled garments scattered around their garden, the court heard.

She believed they might have been blown out by the wind, but later that day heard someone moving her bins and looked out to see Taylor rummaging, the court heard.

The woman banged on the window and shouted, causing Taylor to flee semi-dressed, the court heard.

The following day, the woman saw Taylor going through her bin again, with the defendant leaving with a bag of rubbish, the court heard.

Shortly afterward in December another woman saw Taylor standing in her bin and searching, the prosecutor said.

A previous court hearing was told Taylor was a ""diaper fetishist"" whose Facebook profile described the defendant as an ""adult baby diaper lover"".

But in mitigation, a psychiatrist had concluded Taylor 's actions were not sexually motivated, which was accepted by the judge.

The judge said Taylor had a ""grotesque obsession"" with ""rooting around in bins near care homes or nurseries to retrieve soiled nappies or incontinence wear"".

""Your conduct is highly anti-social and extremely distressing to people who are affected by it,"" the judge told Taylor.

Taylor was jailed for 16 months for breaching the 2023 court order and 14 months consecutive for breaching the suspended sentence imposed in August 2025.

Source True Crime Online.""",3.8109134e-09,4.0428465e-09,1.0
"""NEVER FORGET WHAT ISRAEL DID TO GAZA!",3.5709722e-09,3.8900594e-09,1.0
"""@KettlebellDan This is how you treat your customers?

Enjoy being ratioed by moldy bread",3.0253198e-09,5.591779e-09,1.0
""": Bees are officially declared the most important living species on the planet, essential to human life.",3.2115908e-09,4.8976982e-09,1.0
"""Who is a Sunni? @hikmahpubs 

A response to those who say you have to be Ashari, Sufi.",1.3280668e-08,0.0047658524,0.9952342
"""Is Iran  Fighting For Islam And Palestine? Br Shamsi",4.1761e-09,3.590601e-09,1.0
"""This Munafiq reminds me of the Hadith:

Wretched is the slave of the dinar.",4.2979194e-09,3.3693022e-09,1.0
"""#Syria: one of the Regime's most wanted criminals has been caught.  

Amjad Youssef, the main Assad's Intelligence officer behind the Tadamon massacre (240+ residents executed in 2013) has been caught in an operation in the Ghab Plain.",4.30266e-09,3.2366685e-09,1.0
"""A Messege To Br Sneako &amp; Dr. Zakir Naik. May Allah Guide Them",3.4906933e-09,4.684849e-09,1.0
"""Don't undermine the seriousness of associating and prompting deviants and innovators. 
Mufti Menk, Assim AlHakeem and Abu Taymiyah are guilty of watering down Islaam. 
Pretending that this is a trivial issue is treacherous and dangerous. 
Be careful who you listen to and who you collaborate with.""",2.3011357e-09,0.99999905,9.936012e-07
"""Shaykh Sulaymn al-Ruayl about X

Just a few minutes ago at the end of our lesson with the Shaykh in Masjid Nabaw, he said:

The default regarding the X platform is that what is shared on it is unreliable and false, unless proven otherwise.""",1.0992908e-08,1.0,1.7835323e-08
"""The devil-hearted ruler... 

There are many wicked Khariji Muslims who deliberately twist the narrations regarding the obedience to rulers. Or, they cite the ones that they allege support their revolutionary tendencies and ignore the ones which expose them and their lies. 

Be careful of these people. 

If you live in Muslim country that has a Muslim ruler, then listen and obey in that which is good and don't obey him in disobedience. 

Don't speak ill of him in public and don't advise him from pulpits.

Make Duaa for him and not against him. 

Don't incite the masses against him and call for revolts and corruption. 

If you live among the Kuffaar, then remain silent as you have no right to discuss our affairs nor is there any weight for the opinion of a hypocrite who pays taxes to the Kuffaar, pledges allegiance to them and helps them in their evil ways by neighboring them and residing amongst them. 

Fear Allaah and adhere to the Sunnah.""",1.0,4.577776e-08,1.4175608e-08
"""This lying idiot either is too ignorant of the Arabic language to know that the Sheikh didn't say what he attributed to him or he is purposely misleading the people by doing his usual 8 to 5 job as a habitual liar. 
Actually, his wife should be able to assist him so he really doesn't have an excuse. 
I'm glad he's digging a bigger hole for himself. 
It won't be long before he announces that he has accepted Jesus as Lord and savior. Or something along those lines.
You might think that's a reach. Nah, no one plays with the Deen of Allaah and slanders the Salafi scholars except that he goes far astray. 
Time will tell inshaaAllaah. 
Bookmark this post for that day.""",1.9646744e-09,3.281e-08,1.0
"""CARTOONS ARE NOT FOR KIDS, ESPECIALLY MUSLIMS!

Aladdin has: major shirk, sorcery, SHAYTAN WIPING HIS BEHIND WITH QURAN, sexualized characters, fortune-telling, dancing, music, free-mixing, alcohol, murder, fortune telling and Hindu-culture and orientalist barbaric-view of Arabs.",4.211656e-09,9.908806e-09,1.0
"""Abdullah ibn Saba (The Jew) used to say: 

Begin by criticizing and attacking your leaders. (to cause a rift in society) And appear to enjoin the good and forbid evil so the people incline towards you.

[Tareekh At-Tabari (4/341)]""",3.388637e-09,2.8637485e-08,1.0
"""Want to be a true Salafi? 

Shaykh al-Mufti Salih bin al-Fawzaan al-Fawzaan",6.0144325e-09,1.0,5.1427196e-09
"""Palestinian man speaking on Iran &amp; Israel",3.9503845e-09,3.4160088e-09,1.0
"whatever chanel just released it smells so good that im tempted just on the idea that she would experience this smell on evenings

its rare that I would go that deep over a fragrance",3.2113212e-09,5.216169e-09,1.0
"Anything that resembles her is mine.

leather in it is too sharp its supposed to be subtle and later in the dry-down im going to let it macerate in shaa Allah",3.5434935e-09,4.4183177e-09,1.0
"""""It is a famine.The Gaza Famine.

It is a famine that we could have prevented, if we had been allowed. Yet food stacks up at borders because of systematic obstruction by Israel.

Everyone owns this. The #GazaFamine is the worlds famine."" 

- @UNReliefChief",2.0556488e-09,2.6102995e-07,0.99999976
"""Something remarkable just happened in Pakistan.
In only 8 months, citizens built the equivalent of half the countrys national electric grid, without waiting for government or utilities.

How?
 Cheap solar panels
 TikTok tutorials showing how to install them
 Farmers leading the way, swapping diesel pumps for solar

The results:
 Diesel sales dropped 35% in one year
 Families slashed costs and gained energy independence
 National demand on the grid actually declined because of so much distributed generation

This isnt just about Pakistan. Its a glimpse of how fast the world can shift when technology gets cheap enough and people take energy into their own hands.

These are the kinds of numbers that change the world.

 Full Energy Capital Podcast episode with Bill McKibben here: 

#EnergyTransition #Solar #Pakistan #EnergyCapitalPodcast""",3.129855e-09,4.7029873e-09,1.0
"""Video shows Israeli soldiers opening fire towards Palestinians trying to reach a Gaza Humanitarian Foundation (GHF) food distribution site in southern Gaza. At least 838 people have been killed at or near GHF aid sites since May.",3.666213e-09,3.726612e-09,1.0
"""Khabib Nurmagomedov refusing to shake hands with a female = Misogyny 

Muslim women wearing the burqa/niqab = Patriarchal oppression 

Halal slaughter = Animal cruelty 

Just a *fact-based* reminder for those that have jumped on the anti-Muslim/Islam bandwagon while claiming the superiority of western civilisation and western values

A civilisation that has normalised OnlyFans, abortions and hookup culture cant lecture others about womens rights.

A civilisation that has abandoned the institution of marriage, replaced children with pet dogs and see kids as a financial burden and an obstacle to career progression cant lecture others about childrens rights.

A civilisation that leaves their elderly parents in care homes to rot away while waiting for their inheritance cant lecture others about the rights of the elderly. 

A civilisation that invades, occupies, bombs, sanctions, genocides, ethnically cleanses and supports tyrannical regimes that do the same cant lecture others about human rights.""",6.930657e-08,6.2710765e-09,0.9999999
"""An IDF soldier reportedly from Manchester firing indiscriminately on homes in Gaza Citys Shujjaiya neighbourhood.

War criminals live and walk among us.",4.315539e-09,3.1073408e-09,1.0
"""Israels chronic lying and cover up of another horrific war crime. A video taken by a medic moments before being attacked shows that the Palestinian medics Israel killed and buried in a mass grave in #Rafah last week were in clearly marked vehicles with lights and sirens.",3.775369e-09,3.5128143e-09,1.0
"""BREAKING: Video emerges of aid workers being fired on in Gaza, contradicting Israel's account of the deadly attack, with 15 bodies found in a ""mass grave.""

Sky's @AliBunkallSKY has the details.",3.7833487e-09,4.4631405e-09,1.0
"""3,441,600 worshippers in 1 frame.",3.2842353e-09,4.292422e-09,1.0
"""Me: ""Do you condemn Israel for killing 200 children in the West Bank?""
Ex-congressman Joe Walsh: ""I'd have to know...""
Me: ""You'd have to know how the children were killed?""
Walsh: ""Yes...""

Me &amp; Joe Walsh clashed over Israel's actions in the West Bank, not just Gaza.",3.9245798e-09,3.4046326e-09,1.0
"""A Pakistani neuroscientist held in US custody has told Sky News she has hope she will be freed after ""new evidence"" emerged which may suggest her innocence.

Watch @sabahchoudhry's full report """,4.764891e-09,5.252048e-09,1.0
"""Eli Sham became Jabbar Shamsud-din.

Israeli false flags are becoming really sloppy these days""",4.779883e-09,2.9107867e-09,1.0
"Muslims face bleak and dystopian climate in UK, says head of thinktank",4.0380836e-09,4.125007e-09,1.0
"""Israels  bombing tents in the courtyard of Al Aqsa hospital in Gaza  is a vicious &amp; cowardly act of genocide.

They are burning people alive.

Biden  and Starmer  are responsible for creating a monster in Netanyahu 

All belong in The Hague.",3.997743e-09,3.1110414e-09,1.0
"""Violating human and animal rights and exploiting natural resources.

Heres what else Coca-Cola is hiding from you",3.5749654e-09,3.705116e-09,1.0
"""'I think those MPs were ...particularly appealing to the Muslim community'

Chris Philp MP is supporting Kemi Badenoch for Tory leader 

@vicderbyshire asked Mr Philp about her comments today that some MPs won in the general election 'on the back of sectarian, Islamist politics'",4.102895e-09,4.6540953e-09,1.0
"I cherish silence, for in its depths, I find solace and reflection. Not everyone who hears your words can comprehend the whispers of your soul, just as not all hearts are attuned to the wisdom Allah has placed within us.",3.3368774e-09,4.7292894e-09,1.0
"""We are shocked at Robert Jenricks claim on Sky News this morning that those who proclaim God is great (or Allahu Akbar) in public shouldbearrested. 

 This is a phrase recited publicly and privately by billions of Muslims around the world as they offer their solemn prayers and praise God. 

 Mr Jenricks claim that politicians should choose their words wisely during this crisis rings hollow as he reaches for Islamophobic rhetoric, the lowest common denominator for demagogues. 

 It only goes to show that institutional Islamophobia is alive and well in the Conservative Party.  As a prospective leader, Mr. Jenrick should be showing leadership, reassuring our communities when fear is palpable.  

Instead, by calling for a well-worn religious phrase to warrant arrest is the kind of divisive language we would come to expect peddled by sections of the media and politicians, has emboldened the far-right thugs we see on our streets today.  

He should apologise, fully retract his comments, and speak to ordinary Muslims to understand why his remarks are so outrageous. Rather than inflaming tensions, he should focus on ways to bring communities together.

Read our full statement",3.81095e-09,3.9951282e-09,1.0
"""""We should start monitoring our mosques and madrasahs and imprison or deport our extremist imams.""

Is this the most Islamophobic speech ever given in the British Parliament?

On July 25 Baron Pearson addressed the House of Lords and targeted Islam, the Qur'an and Prophet Muhammad (pbuh). He also called for the burqa to be banned and accused ""Islamists"" of trying to take over the UK by stealth.""",4.721827e-09,3.5206822e-09,1.0
"""Israel can pinpoint assassinate senior leaders of Hamas &amp; Hizbollah in hostile foreign capitals, with little collateral damage, but to try (and fail) to kill Hamas leaders in the tiny, occupied Gaza Strip, they apparently first have to kill 14,000 Palestinian kids. Ridiculous.""",4.8668003e-09,2.6803821e-09,1.0
"""The Arab Left by Tareq Y. Ismael discusses the USSRs support for the partition of Palestine and its recognition of Israel, which led to disillusionment among Arab leftist intellectuals and contributed to the first schisms within the group as early as the 1940s.",3.4655834e-09,4.811156e-09,1.0
"""""A clear view on Russian oil infrastructure in Tuapse after today's repeated drone strikes. 
""
--------------

Ukraine is winning.",3.6421324e-09,3.528588e-09,1.0
"""Whats left of a revolution once it is flattened, reframed and misunderstood?
@qunfuz2 reviews five books that revisit the Syrian uprising and its aftermath, correcting a record long distorted by war and politics:",1.148293e-08,0.99997115,2.8829449e-05
"""Trump gave Iran a tool to bring the world to its knees. If there was a Nobel prize for idiocy, Trump would be the hands-down winner.""",4.153825e-09,3.5644463e-09,1.0
"""We are not animals, we are human beings - Palestinian elder in Gaza.

Support now: 

What is happening to our ummah? How are we accepting a genocide in Gaza for 2.5 years and it still hasnt ended? How are we able to sleep at night when our brothers and sisters are suffering a slow death? 

The frustration from Palestinians in Gaza is growing as they feel forgotten in the ongoing genocide. They are not wrong as media barely covers the daily killings, the suffocating siege and the horrible living conditions. Lets not be one of those who forgot Gaza.

The Sameer Project continues to distribute food daily made in our very own kitchen feeding thousands of people. On April 22nd, we gave out 500 meals of rice and meat to Nadi Al Bahri Camp in Gaza City. Total cost with 11% commission was $2,126.

Donate now to our Food & Water Campaign: 

Other ways to donate include:
 (Paypal option, please make sure to add a message saying ""Food"")
 (Venmo option, please make sure to add a message saying ""Food"")""",3.5561685e-09,3.874524e-09,1.0
who is an expert on expoitation of children/ slave labour/ rehabilitation facilities for exploited people in Syria?,3.610496e-09,5.3831846e-09,1.0
"""Syria remains labeled a State Sponsor of Terrorism, nearly a year after President Trump's promise to lift sanctions.

Contrary to popular belief, removing the label requires executive certification, and Congress's role is limited.

Despite the public messaging suggesting that sanctions by the US are lifted, the State Sponsor of Terrorism Act continues to be dangled as another carrot in front of the Syrian authorities to adhere to US demands.

This is unfair. The new Syrian authorities have nothing to do with the acts that led to the label's imposition in 1979.""",5.6264744e-09,2.7669596e-09,1.0
"""Today in a terrorist strike in Gaza, Israel killed the President of the Palestinian Billiards &amp; Snooker Federation, Mr. Imad Miqdad.",4.0766306e-09,3.4051586e-09,1.0
"""""In preparation for the start of his public trial, the criminal Atef Najib appeared in the defendants dock before the #Criminal Court at the Palace of #Justice in #Damascus. 
""
--------------

There hasn't been nearly enough transparent transitional justice, but this is still a great and very important moment. May every genocidal criminal be held to account, including those protected by the US and Russia.",7.097799e-09,2.473941e-09,1.0
"""Assadists not jihadists committed this massacre. But inflammatory buzzwords like jihadists, meant to invoke fear of Muslims always draw more attention.

Lest we forget, Palestinians were among those slaughtered by regime forces during the Tadamon massacre.

Whitewashing crimes against Palestinians clearly comes second nature to an account that built its reputation justifying Israeli war crimes and now is just continuing that same defense of crimes against Palestinians through Assadist apologism.""",3.7382515e-09,3.932065e-09,1.0
"""Gaza levelled, snipers on elevated mounds built from the pulverised earth, shooting anyone who crosses an unmarked line, including children. 

What word would we use to describe the concentration of a people into a small camp under threat of death?",4.301085e-09,3.2307597e-09,1.0
"""We would be betraying Syria if we do not demand justice for Raed Fares and the Douma 4.",4.4081743e-09,2.9552327e-09,1.0
"""It's clear the team who uncovered the massacre (and come from various backgrounds) investigated it as a matter of principle, not b/c Amjad was from a particular sect or side. When a state can hold violators accountable w/o fear of upsetting a support base, we have true justice.""",4.3493866e-09,3.129079e-09,1.0
"""Israeli genocide has not stopped.. Israeli occupation forces continue killing us..",3.5073378e-09,4.1243147e-09,1.0
"""""Israel's alignment with Russia is baffling. Russia has been supplying weapons to Israel's enemies since the 1960s. Every major nation-state war has been against Russian tanks, planes, and artillery. Utterly senseless.""
""
--------------

Russia is the biggest supplier of oil to Israel. The Soviet Union (the Russian empire using different vocabulary) was the first state to recognise the Zionist state in stolen Palestine. They have been cooperating militarily and politically from the start.",4.7317887e-09,2.8208118e-09,1.0
"Russia and Israel have an agreement not to sell serious weapons to each others enemies. Hence no Israeli weapons for Ukraine, and no good Russian weapons for Iran. They also do joint weapons sales, eg to India.",4.128478e-09,4.2624317e-09,1.0
"""""In any normal country, purchasing stolen goods is an act that entails legal liability. This applies, in particular, to grain stolen by Russia. Another vessel carrying such grain has arrived at a port in Israel and is preparing to unload. This is not  and cannot be  legitimate business. The Israeli authorities cannot be unaware of which ships are arriving at the countrys ports and what cargo they are carrying. 

Russia is systematically seizing grain on temporarily occupied Ukrainian land and organizing its export through individuals linked to the occupiers. Such schemes violate the laws of the State of Israel itself. Ukraine has taken all necessary steps through diplomatic channels to prevent such incidents. However, we see that yet another such vessel has not been stopped. I have instructed the Ministry of Foreign Affairs of Ukraine to inform all partners of our state about the situation. 

Based on information from our intelligence services, Ukraine is preparing a relevant sanctions package that will cover both those directly transporting this grain and the individuals and legal entities attempting to profit from this criminal scheme. We will also coordinate with European partners to ensure that the relevant individuals are included in European sanctions regimes. 

Ukraine counts on partnership and mutual respect with every state. We are genuinely working to enhance security, particularly in the Middle East region. We expect that the Israeli authorities will respect Ukraine and refrain from actions that undermine our bilateral relations.""
""
--------------",5.9083827e-09,2.9964795e-09,1.0
"I dont know about you, but at this time of year, Im desperately trying to find ways to make comfort food fresh and flavourful!

This week, Ive been enjoying my Fish mousse dumpling soup, Saag paneer pilau, Chia chicken and Sweet-and-sour prawns from Nadiyas Fast Flavours.",3.588896e-09,4.0647747e-09,1.0
"""It's not too late to get the foodie in your life the perfect gift this Christmas... 

@BegumNadiya is making it easier than ever to inject some flavour into your life! Nadiya's Simple Spices is out now:",2.5235292e-09,3.8098748e-05,0.99996185
"Are you hosting this Christmas? Here are some of my absolute favourite dishes to please a crowd.

You can find them all in Nadiyas Simple Spices  out now:",2.2422397e-09,1.0782878e-08,1.0
"The dedicated teams at @GOSHCharity work round the clock to make GOSH feel like a home from home over Christmas. Help spread festive cheer to the children, families and staff by sending a special stocking message and donation:",1.6476284e-09,4.6375936e-07,0.9999995
"Is Nadiyas Simple Spices on your Christmas wish list this year? Tag a friend below who you think might like it, you and your friend could win a copy 

UK entries only, 18+ years old to enter and entries close at 11:59pm on 10th December 2023.",3.1989906e-09,5.163507e-09,1.0
"Heres a little reminder that my new book, Nadiyas Simple Spices, is out now. 8 spices, countless delicious dishes that will keep your family and friends going back for more. Make sure to get a copy this Black Friday:",2.5751081e-09,7.078344e-09,1.0
""" If you missed @BegumNadiyas making @LennyHenry and the gang howl with laughter, you can watch the show back on @BBCiPlayer here  

And find the recipe for Nadiyas Keema Plate Pie on @BBCFood here  

#SaturdayKitchen",2.0636464e-09,6.173884e-06,0.9999938
"""Thanks for watching this morning and a huge thanks to @BegumNadiya, @DonalSkehan, @knackeredmutha, @SaranshGoila &amp; Sir Lenny Henry! 

Todays recipes can be found here  

@matt_tebbutts back next week with @SabrinaGhayour, @NiklasEkstedt &amp; @sueperkins!",3.1371459e-09,0.99999976,2.487608e-07
"""WE LOVE PIE, WE LOVE PIE! 

Such a treat to have @BegumNadiya in the studio, blowing us away with her keema plate pie (or one huge samosa!) &amp; charred mango salad! 

Recipes here 

@knackeredmutha recommends Brite Pineapple &amp; Mango (Sainsburys, 2)",2.9678736e-08,0.96696866,0.033031255
"""Were a little excited about tomorrows line up! 

#SaturdayKitchen with @matt_tebbutt , @BegumNadiya, @DonalSkehan, @SaranshGoila, @knackeredmutha and SIR LENNY HENRY! 

Live on BBC One at 10am! See you there?",2.687326e-09,0.99999714,2.8844372e-06
""" Can @BegumNadiya convince @shaunwkeaveny to try buffalo whispering, boat building and bananas?""",4.177247e-09,4.3027097e-09,1.0
"Wait until you see this weeks episode of #NadiyasSimpleSpices! Dedicated to our favourite takeaway dishes but better, I cant wait for you to try my Saag Aloo Chicken Jalfrezi and Kulfi Ice Cream Bars. Tune in tonight at 8pm on BBC2!",2.5758993e-09,1.1467569e-08,1.0
"""BREAKING: 25+ celebrities back #FreeSchoolMealsForAll 

They're joining tens of thousands of educators, parents and young people to call on @RishiSunak to extend Free School Meals to every child in primary school.

Join us and sign the open letter",5.389231e-09,0.99998,1.9978626e-05
"""Pleased to see @BegumNadiya @Schwartzflavour #spice blends &amp; #recipe kits so prominently displayed @asda #oldkentroad - loving the on shelf in aisle displays in particular.
#nadiyahussain #licensing",3.9200934e-08,0.04411728,0.9558827
"""If you can't handle the heat...stay in the kitchen because @BegumNadiya joined us on Mornings to talk about how spicy doesn't = hot! 

Does this mean it's time to spice up your breakfast?  Find out how spices can transform your cooking on Mornings",2.8999962e-09,0.99998236,1.758821e-05
The amazing folk at @GreatOrmondSt are building a new Childrens Cancer Centre to transform the care of children with cancer. If you can please donate to @GOSHCharity &amp; help more children like Ralphie have a happy healthy life after cancer  #BuildItBeatIt,1.8234212e-09,4.1261862e-07,0.99999964
"""What to watch tonight: #GBBO champion @BegumNadiya is back radiating joy, wholesomeness and energy in #NadiyasSimpleSpices - which is a delicious, uplifting show even for non-cooks. 8pm on BBC Two",3.757945e-08,0.92170095,0.07829894
"""We are BACK! @BegumNadiya - new season. new goddess in my living room. listen!! subscribe!!",2.8514946e-09,5.5105915e-09,1.0
"""I love this woman. BUT I fear the Nadiya 'debrief'. COMFORT EATING IS BACK!",4.274652e-09,3.5383199e-09,1.0
"""In this six-part series, Nadiya Hussain proves that cooking with spices doesn't have to be complicated, by using just eight simple spices to create mouthwatering meals for every occasion.

Nadiya's Simple Spices airs Wednesdays, beginning 27th September, on BBC Two.",3.2198588e-09,6.199034e-09,1.0
A,3.6061187e-09,6.101635e-09,1.0
"""Doncaster - Vijay Mundrathi from India attempted to sexually abuse a 13-year-old British girl. Caught by British patriots. Vijay bought an engagement ring and gifts for her. He told the girl, I want to make you pregnant so I can stay in the UK. What punishment does he deserve?",4.340999e-09,3.1764273e-09,1.0
"""Needs your valuable response",3.323437e-09,4.846782e-09,1.0
"""When people tell you who they are, believe them.""",3.174901e-09,6.0848877e-09,1.0
"""Epstein is not going away.",3.9210706e-09,3.7155048e-09,1.0
"""""Start your day by listening, reading or sharing Qur'an 
""
--------------

The time when Moses, peace be upon him, received prophethood.",3.0722993e-09,4.529561e-09,1.0
"""Start your day by listening, reading or sharing Qur'an",3.0237968e-09,4.8154525e-09,1.0
The time then Moses peace be upon him received prophethood.,2.9491793e-09,5.3871085e-09,1.0
"""Do not stop talking about Epstein.
Do not stop talking about Epstein.
Do not stop talking about Epstein.
Do not stop talking about Epstein.
Do not stop talking about Epstein.
Do not stop talking about Epstein.
Do not stop talking about Epstein.
Do not stop talking about Epstein.",3.3656795e-09,8.561253e-09,1.0
"""You should be extremely wary of anyone who is a part of this movement who doesnt endorse me over Randy Fine.

Either theyre a total pussy, compromised, or they dont care about change, they just wanna make money off clicks.""",3.554683e-09,6.1164096e-09,1.0
"""Trump raped kids with Epstein",3.5894916e-09,3.705674e-09,1.0
"""MAGA 2026",3.7000734e-09,3.8611927e-09,1.0
"""This is a complete lie from @realstewpeters , he wasn't hiding under his desk. There is actually a tunnel network he went into that leads directly to the closest synagogue.""",3.2478369e-09,4.929441e-09,1.0
"""The world needs more kindness """,3.2930105e-09,4.4827972e-09,1.0
Allahu Akbar,3.22172e-09,6.870021e-09,1.0
"""Grand Mufti of the Kingdom, Sheikh Saleh Al-Fawzan:

""If the one who follows Ahmad is a Wahhabi,
 then let the humans and jinn ( ) witness that I am a Wahhabi.""",1.3837542e-08,1.0,1.1254843e-08
"""You can now start - fully own 100% - your business in Saudi Arabia for 50,000 SAR (~13,000 USD) online and when paperwork is complete, you can get an iqamah (residency). If your business has AI function, you'll get huge discounts regarding annual renewals!

(UAE is only ~5K USD).",4.2710258e-09,3.2039857e-09,1.0
"""A Palestinian Gazzan man from inside Gaza and above the rubble of destruction sends a message to the Shia and all those in support of Iran and Sunni-Shia unity.

This what the Palestinians make of such absurd and shameful idea which the likes of @Haqiqatjou promoting

Any words @Haqiqatjou @dkayofficial_""",0.99631786,0.0036819929,1.2106858e-07
"""Dont look at your deeds as if you have completed them. Look at your self as one who has fallen short!

- Sh. Abdurrazaq Al-Badr",5.3901097e-09,1.0,6.2233676e-09
"""The Syrian army was banned from praying. Lots of people spilled their own blood for moments like this.""",3.8167474e-09,3.9337973e-09,1.0
"""The similarities between Persia and Israel are uncanny. Both: 
- Believe their faith/sect gives them a divine right to occupy Arab nations and dispossess their peoples
- Believe their historical empires entitle them to reoccupy the region
- View Arabs as inferior beings to be subjugated
- Depict Sunni Arabs demanding freedom as terrorists
-  Present themselves as the poor put-upon victims standing up to mean bullies""",4.007966e-09,3.7304027e-09,1.0
"""Alhamdulillah, the wait is over!

The ""70 Hadeeth Refuting Khawarij"" book has been finally translated! Read and share; the khawarij have no excuse now!",2.4453268e-09,0.9999993,6.6745747e-07
"""Alhamdulillah a dog of hellfire has been suspended from this platform.

Let's see if this hypocrite kharijite will appeal to Twitter laws (laws other than Laws of Allah), so, will that make him then kaafir as per his ""standards""?",0.9956252,6.75867e-08,0.004374672
"""The #Syrian #Arab #Army distributes sweets and gifts to children in the city of #Aleppo following the #Eid prayer.",3.375812e-09,4.0753476e-09,1.0
"""I make a general Du for Allaah to protect a Muslim country from Kuffr and these people get mad""",5.574198e-09,3.0008034e-09,1.0
"""Eid Mubarak! May Allah accept from us and you",3.7717913e-09,3.5618772e-09,1.0
"""Beginilah pembenci pemjaga 2 kota suci bekerja.",3.2116825e-09,5.9307865e-08,1.0
"""Would you believe me if I told you this is Shaykh Ahmad bin Taalib reciting?",6.2191408e-09,0.99999964,3.2324382e-07
"""Western Tankies/fascists: Iran never attacked anyone!

Ahawzis, Syrians, Iraqis,  Yemenis, etc:  Must have been a strong wind, I guess.",4.52432e-09,3.0057525e-09,1.0
"""May Allaah protect Saudi Arabia from both the Zionists and the Rawaafid""",6.816757e-05,2.7429055e-09,0.9999318
"""On this blessed Monday, let us begin with Bismillah, strive with sincerity, and trust in Allahs wisdom. Every step taken with faith is a step closer to His mercy. """,3.1560214e-09,5.122484e-09,1.0
"""Trusting Allah's plan, embracing every moment with faith, and walking the path of gratitude and humility. Alhamdulillah for everything. """,3.0293155e-09,5.2084537e-09,1.0
"Smile, for life is a magnificent journey filled with beauty and promise. When someone lets you down, another will lift your spirits. When opportunities are lost, even greater ones will emerge. And when you perform acts of goodness, Allah will bless you with rewards beyond measure",3.2283511e-09,4.3817603e-09,1.0
"Whosoever seeks a friend without imperfections shall traverse life in solitude, for only Allah is perfect.",3.187534e-09,4.3311075e-09,1.0
"""Journalist Elijah Magnier on the Trump shooting incident vs. the genocide of Palestinians.",3.3169267e-09,4.390771e-09,1.0
"""Double standards are the media's speciality""",3.3248255e-09,4.5831556e-09,1.0
"""Do you see the difference?",3.5270136e-09,5.26059e-09,1.0
"""""We have (Muslim) MPs and we have councillors whose affiliation is greater to their party than to the Ummah.""

Watch Shaykh Zahir Mahmood's impassioned plea to Muslims to use their vote on Thursday in the cause of Gaza.",3.0988565e-09,9.2818505e-07,0.99999905
"""""We have (Muslim) MPs and we have councillors whose affiliation is greater to their party than to the Ummah.""

An even bigger shame on those who turn a blind eye and refuse to call out MPs and councillors because theyre hedging their bets on Labour and because they know these people personally. You think we dont? What matters more to you? What happened to your principles and putting the children of Gaza first? Gaza has exposed everyone.

@5Pillarsuk @ShaykhZahir """,1.9874628e-08,0.9999999,1.3490356e-07
"""BREAKING: An independent UN investigation has concluded that Israel committed crimes against humanity during the war in Gaza, including the crime of extermination.

 LIVE updates:",3.1146157e-09,4.6092974e-09,1.0
"""Retweet, may it will help you.",3.6958627e-09,3.865393e-09,1.0
"""One NHS, many nationalities.

Huge thanks to every single person who helps keep the NHS going",3.573977e-09,4.1540864e-09,1.0
"""Pakistani poet was abducted because of human rights activism, says wife",3.890579e-09,3.6722108e-09,1.0
"""HEALTH: Privatization of hospitals generally corresponded with worse quality of care, fewer cleaning staff per patient, higher infections and higher rates of avoidable deaths, according to a study published in The Lancet Public Health.""",3.7005534e-09,3.7945864e-09,1.0
"""When we were faced with the destruction as a nation, we decided to end the war by bombing Hiroshima and Nagasaki with nuclear weapons

US Senator Lindsey Graham says the US administration should give Israel all the bombs it needs in its war on Gaza",3.8361248e-09,3.5817975e-09,1.0
"""I would never vote for Labour again

Can Labour win back voters in the West Midlands who have deserted the party over Gaza? #PoliticsMidlands with @robmayor begins at 10am on BBC1",4.4417567e-09,4.277613e-09,1.0
"""On Friday",3.5652894e-09,4.0474295e-09,1.0
"""9 May is back in Pakistan; Vocals of PTI rejected all blames.",4.4789683e-09,3.0877556e-09,1.0
"""A rich and powerful conversation between @BegumNadiya and @VickNHopeWe LOVED it! 

Listen to it in full on @WomensPrize Bookshelfie podcast now!""",4.0629393e-09,0.00019990519,0.99980015
"Diverse representation in childrens fiction is so important, which is why Im so proud to be supporting the launch of new charity @IBCplatform. Their website makes finding inclusive childrens books SO much easier. Be sure to checkit out:",5.9089267e-09,0.00027606497,0.999724
"Im going to the World Halal Food Festival on Saturday! Join me on the Tariq Halal Cookery Theatre for a LIVE cookery demoat 12pm, followed by a book signing.

Tickets available at their",1.6953551e-07,0.67555183,0.324448
"Don't worry, I'm keeping my trophy! My interview and some of the recipes from my new book Nadiya's Simple Spices are in@dailymailweekendtoday. Make sure you pick up a copy  I promise you these Tangy Tomato Prawns are worth it! 

#AD",2.32694e-09,1.9534657e-08,1.0
"Its publication day!  Thanks so much to everyone who has pre-ordered Nadiyas Simple Spices. I hope you love it as much as I do!

These are just some of the recipes that I cant wait for you to try

#Ad",2.4904785e-09,3.4501653e-08,1.0
"Nadiyas Simple Spices is out tomorrow!

There are so many different ways you can use these spices  the possibilities are endless. Im so excited to see which of the recipes youll reach for first!

Its not too late to order your copy:",2.558321e-09,8.3254355e-09,1.0
"These 8 spices form the foundation of all my cooking  every single recipe in my new book is made from a combination of these vibrant flavours. I cant wait for you to try them!

Nadiyas Simple Spices is out next week! Pre-order your copy here: 

#AD",2.6298868e-09,1.8937163e-07,0.99999976
"Fresh, sweet, zingy this Charred Mango Salad is a real crowd-pleaser! Its a dish that I keep going back to, time and time again. I hope you love it too!

Get the recipe in Nadiyas Simple Spices. Out 2 weeks today! 

#AD",2.4479654e-09,8.264019e-09,1.0
"""Great coverage for @BegumNadiya #schwartz range that has just launched in @asda  in @Grocery_Trader 
#recipekits #fmcg 
Schwartz partners with Nadiya Hussain to spice up the recipe kit category",5.101759e-09,0.99999523,4.7442536e-06
"""From speedy chutney to crispy leek biryani, #GBBO winner @BegumNadiya serves up a delicious selection of her best-loved recipes that make use of eight readily available spices to create sensational flavours in Simple Spices, currently 50% of RRP:",2.9357496e-09,0.9999982,1.8330632e-06
"Book news ! I'm coming to Chester on 17 September!
I'll be at Chester Story House, hosted by @linghamsbooks and @bookabookshop
Tickets available

Followed by a book signing! Can't wait to see you there!",2.3570115e-09,1.2218042e-08,1.0
"8 simple spices. Endless flavours.

I cant wait to share the recipes from my new book with you  all inspired by flavours Ive used all my life.

You can pre-order Nadiyas Simple Spices at Waterstones for half price now:",2.565245e-09,7.463897e-09,1.0
"Im loving these green pea parathas from my new book, Simple Spices. Quick, easy &amp; packed full of everyday ingredients, you can whip these up in no time. If you would like to make your very own pea parathas, you can find the link to pre-order for the recipe book in my bio!",3.5882322e-09,4.3921866e-09,1.0
"Congratulations to Julian, winner of my #ThankATeacherDay baking competition @UKThankATeacher! I loved the gorgeous bake you made for Miss Packenham of @stgeorges_head in Enfield. Keep up the brilliant baking!",2.1357642e-09,4.2614666e-08,1.0
"This week is #MentalHealthAwarenessWeek. For so many, looking after our mental health comes last. But it isnt something we can afford to ignore. This #MHAW, we can help each other cope. If this speaks to you, or someone you know, please #SpeakToMind",2.5518152e-09,7.0429396e-09,1.0
"""What objects have your children discovered recently? 

They can learn about brand new objects and professions in the new show, Whats in your bag, narrated by @BegumNadiya.

Watch on CBeebies and @BBCiPlayer.

#CBeebies #WhatsInYourBag #ParentingLife #ChildrensTV #ThingsKidsSay",4.1732493e-09,0.99983597,0.00016398254
"Im absolutely delighted to be one of the Ambassadors for The Reading Agencys World Book Night 2023 on Sunday 23 April, the nations biggest celebration of books and reading, and the positive impact they have on our lives. 
#WorldBookNight #ReadingHour",1.8725541e-09,3.2262292e-08,1.0
"I am so excited to share with you all my new book, Nadiyas Simple Spices. Im sharing the 8 spices you will only ever need! Nadiyas Simple spices is available for pre-order now and will be available in September along with my new show.",2.2774371e-09,1.6525712e-08,1.0
"""We are thrilled to announce the next book from @BegumNadiya, #NadiyasSimpleSpices  

Coming this August. Pre-order your copy today:",2.8168796e-09,0.9999956,4.429713e-06
""".@MichaelJBooks has signed @BegumNadiya's new cookbook, Nadiyas Simple Spices, which will be published in September to coincide with her latest BBC series.

Read here:",8.041705e-09,0.00021984937,0.9997801
"""""#Syria: people from #Daraa are mobilizing to attend the first public trial of General Najib, former head of the Political Security branch, and to testify against him.

Buses will depart for the Capital tomorrow at 8 AM.

The first session is expected to focus on the March 2011 crackdown.""
""
--------------

a huge moment",4.262984e-09,3.083324e-09,1.0
"""""@qunfuz2 Same logic for the Turks in the Armenian genocide and the Balkan Chrisitans in their expulsion/massacres of Balkan Muslims. 

It's extremely human impulse that needs to be broken to stop cycles of extreme violence.""
""
--------------

nothing more dangerous than powerful people who think they're weak",6.6730577e-09,2.5268043e-09,1.0
"""These guys' claim to Jewishness - and according to Zionism, to owning Palestine - began in the 1950s, so is more obviously absurd, but the illogic is no different to that of Europeans who imagine their imagined ancestry 3000 years ago gives them the right to steal Palestine.""",4.0941863e-09,3.2038452e-09,1.0
"""""My brother Amjad Youssef didnt do anything wrong; hes just a first sergeant, 
This is what Amjads sister said. 
""
--------------

German Nazi, Serb Chetnik, Jewish Zionist, Alawite Assadist - always the same victim complex and the same inability to take responsibility, or even to understand the notion of responsibility...",3.575259e-09,3.670803e-09,1.0
"""From the @newlinesmag archive:
The world is worried about the jihadism of Syrias new leaders, but the world may be missing the point. Whether the state is religious or secular, Syria needs a strong society, not a strongman, argues @qunfuz2.",4.8284203e-09,4.1842965e-09,1.0
"""It's good Amjad has been caught. That said, it should be noted that most of the team that uncovered and investigated this massacre in the first place refuses to deal w/the new govt because of the massacres on the coast &amp; in al-Suwayda' &amp; the comparative lack of accountability.""",4.472156e-09,3.0560867e-09,1.0
"""#Syria: they waited for this day for 13 long years.

Residents of Tadamon district are taking to the streets to celebrate the arrest of Amjad Youssef and to honor the nearly 300 victims (Syrians and Palestinians) of the massacre.",4.0876786e-09,3.2850498e-09,1.0
"""Tibeto-Burmans from Mizoram in Northeast India who converted to Christianity in the 1940s then, inspired by a dream, began converting to Judaism in 1951, have more right to live in Israel than Palestinians whose DNA proves them actual descendants of Bronze Age Canaanites",4.515268e-09,3.0201999e-09,1.0
"""Many Jewish people don't want non Jewish people telling us what to believe &amp; say.

For the Prime Minister to criticise the single Jewish party leader on Antisemitism demonstrates the lack of credibility and seriousness of Labour on the issue.",3.997682e-09,3.523282e-09,1.0
"""Syrians gather around the pit Assad soldiers pushed civilians into and executed them in a Damascus neighborhood, after authorities found and arrested one of the main perpetrators of the Tadamon massacre.",4.3395754e-09,3.0000935e-09,1.0
"""US Department of State says on its website the war was started at the request of Israel",3.852659e-09,3.5030856e-09,1.0
"""so much pride today in being Syrian, in this revolution we fought for and this state were building, of which the foundation is justice.",3.8556807e-09,3.3721503e-09,1.0
"""Syrias revolution was first crushed, and then misread. @qunfuz2 reviews five recent books that show how elites, ideologues and foreign observers alike failed to see the people at its heart.",9.3262116e-08,0.12676649,0.87323344
"""@qunfuz2 @zriboua Siba al-Khiami. Here's the brilliant full version.",3.007048e-09,0.9999999,1.2188487e-07
Excellent track here from a German-Arab rapper.,4.016713e-09,4.1421075e-09,1.0
"""Hes made new friends. Hes lost old enemies. Being obsequious through grit teeth just to maybe get Trump not to hurt his country quite so much and quite so quickly isnt worth it anymore.""",3.7755417e-09,3.5365928e-09,1.0
"""People who decided they were Jews because a man had a dream about it have more rights to Israeli land than the Palestinians whose families lived there for thousands of years &amp; were forced to leave at gunpoint.",4.4958037e-09,3.0778184e-09,1.0
"""I'm Jewish.

I condemn genocide.

I condemn the Labour Governments role in the Genocide.

The Prime Minister repeatedly conflating criticism of the Israeli Governments genocide and actual antisemitism is disgusting - and makes so many of us as Jewish people feel less safe.",3.8234e-09,3.337832e-09,1.0
"""""These fuckers' leader had a weird dream in 1951, so now apparently they're indigenous to Palestine and have the right to colonize it and murder the actual natives. May they soon be forced to flee back to their own fuckin' country  
""
--------------

These guys' claim to Jewishness - and according to Zionism, to owning Palestine - began in the 1950s, so is more obviously absurd, but the illogic is no different to that of Europeans who imagine their imagined ancestry 3000 years ago gives them the right to steal Palestine.",4.9433186e-09,2.9062324e-09,1.0
"Nobody has the right to steal other people's countries, or to commit genocide, based on dreams of where their ancestors may have been thousands of years ago.",4.0538186e-09,3.422126e-09,1.0
"""""Well I'd lose my seat!""

Labours @jessphillips suggests pro-Palestine independent Akhmed Yakoob could be a threat to her if the West Midlands mayoral results were repeated at the General Election, arguing that Israel-Gaza is a massive issue among her constituents

#Peston",6.174254e-09,6.077337e-09,1.0
""" ""The military establishment has done all they could against me... I am not afraid because my faith is strong,"" writes @ImranKhanPTI.

The former Pakistani prime minister writes exclusively for The Telegraph from his prison cell.

Read more here",1.1287051e-08,3.7639136e-05,0.99996233
"""Lets make this racist POS famous @metpoliceuk you need to find this guy",3.156431e-09,5.886168e-09,1.0
"""Report: More Pakistanis emigrated to UK in last 14 months (Jan 2023 to Feb 2024), than they did in previous 51 years (1971-2022).""",4.387581e-09,3.0796623e-09,1.0
Conservative city councillor exposed over vile racist comments,3.5578918e-09,5.7823244e-09,1.0
"""A beloved brother translated this heartbreaking nasheed from @SaLehAljafarawi about Ramadan in Gaza.",1.2464875e-08,0.99998724,1.2694873e-05
"""More than 600 senior lawyers and judges have written a letter to Rishi Sunak warning against the supply of weapons to Israel.

Speaking to Sky's @markaustinTV, Lord Sumption explains why he signed the 17-page letter 



 Sky 501, Virgin 602",9.041828e-09,0.9999958,4.21547e-06
"""Top judges urge UK to halt weapons sales to Israel",4.299182e-09,3.5946437e-09,1.0
"""Children killed in conflicts:

 World (2019-2022): 12,193

 Gaza (Oct '23 - Feb '24): 12,300

According to UN and Ministry of Health in Gaza""",3.975972e-09,3.333665e-09,1.0
"""BREAKING: Reuters reports World Central Kitchen founder Jose Anders saying IDF attack targeted group's aid workers 'systematically, car by car'.""",3.767959e-09,3.5027115e-09,1.0
"""Despite his young age, 12-year-old Zakariya from Palestines Gaza has been working as a volunteer at Al-Aqsa Martyrs Hospital, assisting doctors in treating Palestinians injured in Israeli attacks",6.6266237e-09,3.1446468e-09,1.0
"""They're seeing life being lost in front of their eyes in the most dramatic fashion This is about human survival.

@rescueorg calls the imminent famine in Gaza a profound failure of humanity.

Here's my conversation with its CEO @DMiliband",1.9370097e-09,2.0086288e-08,1.0
"""Life in the UK",3.972326e-09,3.7214127e-09,1.0
"""Israeli forces beat back Muslim worshippers with batons to prevent their entry to Al-Aqsa Mosque for prayers to mark the start of Ramadan in occupied East Jerusalem.",3.9706065e-09,3.464493e-09,1.0
"""Memo to the country from Prime Minister 
We must face down the extremists who would tear us apartthere must be leadership, not pandering or appeasement. 
Meanwhile the Party continues to pander and appease as hours later Truss and Anderson are guests at Tory fundraiser 
Do as we say not as we do unfortunately seems to be the message on tackling extremism from PM",3.4192227e-09,4.258791e-09,1.0
"""Sunak creates the impression of being afraid to speak out boldly against Braverman and Anderson, perhaps because he fears too many Tories agree with them. Thats dangerous.

@Peston reflects on the Islamophobia row

 Tune in now LIVE on @ITV

#Peston",3.9402708e-09,7.222565e-09,1.0
"""Calls for Lee Anderson to be kicked out of Conservatives over 'divisive and dangerous' comments

Read more",2.844693e-09,5.8319345e-09,1.0
"""Former Conservative deputy chair Lee Anderson has been criticised for claiming Sadiq Khan, first Muslim mayor of London, is controlled by ""Islamists"".",4.361349e-09,4.654903e-09,1.0
"""@LowkeyEnergy_ @grok what happened after""",3.0155032e-09,5.2982005e-09,1.0
"""May Allah bless and reward our rulers, those in authority, and those that are spending sleepless nights defending us to sleep in safety by the Will of Allah, and make goodness be carried on their and our hands and push away all evil from them and us, ameen.""",3.7190497e-09,4.285248e-09,1.0
"""Khawarij: Faris is a zionist.

Me:",2.0803518e-06,2.98633e-08,0.999998
"""The worst enemy isn't he who tells you that he's your enemy; it is he who pretends to be your friend but fights you more than the original enemy.

They have so much hatred, they say that they want to attack Riyadh, Makkah and Madeenah as their PRIORITY. See video/document proofs!",4.17747e-09,3.2605485e-09,1.0
"""Ikhwanis and shias are two sides of the same coin that is used for/by the juice.",5.714381e-09,5.1345648e-09,1.0
"""Syrian army/security forces praying in the streets. A sight unheard during Assads reign where prayer by soldiers was a questionable offense",4.434494e-09,3.0947718e-09,1.0
"""This treacherous Rafidi set fire to the body of a Muslim who had no sin except that he testifies that there is none worthy of worship but Allah and that Muhammad is the Messenger of Allah.
So after this, do you still say that Muslims and the Shia, the children of Muta fornication, are brothers?!!""",1.0,4.6618716e-08,1.5822604e-08
"""There is no compromise in Tawheed - even with the Prophets!

Allah praised 18 Prophets in a single context, then concluded the praise with, ""...But if they had joined in worship others with Allah, all that they used to do would have been of no benefit to them."" (Quran, 6:82-88)",5.523115e-07,7.711051e-09,0.9999994
"""They were gathered around the Iftar table, waiting for the Maghrib call to prayerchildren, parents, and relatives.
And in the moment the call to prayer rose, a Katyusha rocket fell on them, launched by the terrorist Houthi militia, turning the Iftar gathering into a bloody massacre
#Iftar_Massacre_Hairan 
#__""",1.5959016e-06,2.1568314e-09,0.99999845
"""The Houthis just bombed a family iftar, killing 9 people and babies, critically injured 20 people.

in Hajjah, North Western Yemen.

The images I just seen are some of the most shocking I've ever seen,

This is your Shia-Sunni Unity.

May Allah curse such a unity upon falsehood.""",3.892427e-09,3.3935526e-09,1.0
"""Is Extended Warranty Haram",3.11581e-09,4.89373e-09,1.0
"""Allahumma baarik!

Two Premier League footballers have donated to the Masjid Daar us Sunnah appeal. May Allah reward them and increase them in goodness.

You never know who is benefitting from your dawah. You never know whose heart Allah will soften through your efforts.

This is a reminder that the call to good reaches people you would never expect. Keep sharing. Keep giving. Keep making duaa.

Even a small contribution can make a difference tonight.

 Donate now:  


 PayPal (quickest for the US ):  


 Launchgood


Please donate and share with others.  

May Allah reward you and place it in your scale of good deeds.

#DusMasjidAppeal""",5.7491127e-09,1.0,6.5776256e-09
"""*A sister heard our call and answered it with her gold set.*

The Prophet  said: ""Verily, in Paradise are two gardens with silver vessels and two gardens with golden vessels."" [Bukhr & Muslim, from Ab Ms al-Ashar]

May Allh accept from her, replace what she gave many times over, and grant her those golden gardens in Paradise. mn.

Who will be next?",3.526858e-09,0.99999976,2.380366e-07
"""Response to those who call Dawah Salafiyah, Dawah-Wahabiyah.

by Shaykh Slih Ibn Fawzn Al-Fawzn",6.3216246e-09,1.0,4.9330713e-09
"""Sufyan ibn Uyaynah   said:

Do not abandon dua, and do not let what you know about yourselves (from deficiency) prevent you from it. For verily, Allah answered Iblis, and he was the worst of creation!

- Shuab Al-Iman 2/53""",7.545231e-07,0.9999976,1.5772143e-06
"""Brother d!es after becoming Muslim
Allahu Akbar!",3.2704393e-09,4.3599346e-09,1.0
"""Sins bring a lot of burden in your health, rizq, and ibadah.""",3.432317e-09,4.9305506e-09,1.0
"""Al-Hasan al-Basri   said:

""The righteous used to say: The difficult thing is not praying at night, but rather protecting your deeds from being wasted by sins and heedlessness.""

[Hilyat al-Awliya, 2/354]""",1.992298e-08,0.0110583445,0.9889417
"""Michoacn, Mexico, Where millions of monarch butterflies turn the sky into a living orange cloud every winter.",3.7576675e-09,3.5813537e-09,1.0
"""This is former Waco attorney Adam Hoffman and he will was supposed to receive a life sentence in prison without parole for Sexually assaulting his sons friend for over three years and the boy was only 10 years old,but now through special plea deals he will only serve 30 days.",3.9087866e-09,3.327617e-09,1.0
"""Me after liking everyone's comments for 2 weeks",3.389348e-09,4.421985e-09,1.0
""" Gaza reconstruction costs estimated at $71.4 billion

A joint assessment by the European Union, United Nations, and World Bank estimates that Gaza will require $71.4 billion for recovery and reconstruction over the next decade, including $26.3 billion in the first 18 months to restore essential services and infrastructure. 

The report notes that more than 371,888 housing units have been destroyed or damaged, over 50% of hospitals are non-functional, nearly all schools have been affected, and the economy has shrunk by 84%. According to the report, development has been set back by an estimated 77 years, about 1.9 million people have been displaced, and over 60% of the population have lost their homes.""",3.8398507e-09,3.9158907e-09,1.0
"""A serial sex monster has been jailed for a third time in three years and branded a danger to UK children after being caught with almost 400,000 images of youngsters. 

Peter Stilwell, 38, has repeatedly been brought to court for having indecent pictures of children on his computer yet ignored his legal ban on owning electronic equipment without permission and downloaded more images.

After being given suspended jail terms in 2021 and 2022, Stilwell was jailed for three years in 2023 over an unrelated drink driving smash which left a man seriously injured. 

But while on licence he was arrested again in 2025 for breaching a 10-year Sexual Harm Prevention Order (SHPO) when detectives discovered he had 10 digital devices not registered with police.

Stilwell, of Runcorn, Cheshire, was jailed for a further 27 months for the breach - but in custody was quizzed again after police searching through those 10 devices found 397,600 images of children.

Chester Crown Court heard officers stopped categorising the pictures after reviewing 2,101 of them. Some showed youngsters being raped.

Stilwell - already at HMP Altcourse in Liverpool - admitted three charges of possession of indecent images of children and handed another 13 months custody, a life-long SHPO and told to sign on the Sex Offender Register for life.

Judge Steven Everett told Stilwell: ""You have a very bad record for this type of offence for which I have to sentence you.

""You received a suspended sentence for possession of indecent images in June 2021, a further suspended sentence order for similar matters including breaches in relation to the earlier imposed suspended sentence on December 14, 2022 and then postdating that three years custody for an entirely different type of offence of causing serious injury by dangerous driving.

""While on that licence you appeared before me on April 10 2025 for breaches of the earlier imposed sexual harm prevention order, failing to register ten internet devices, failing to notify registration of a cloud account, failing to notify police of two USB devices and failing to comply with notification requirements for which I sentenced you to 27 months.

""Your life in the past five or six years has shown that you are a serial offender in relation to possession of indecent images of children and in my judgment you are at a high risk of causing serious harm to children.

Prosecutor Dylan Wagg said the latest discovery emerged after police attended Stilwell's home and discovered he had failed to register 10 internet devices and use of a cloud system, plus failing to notify possession of two USB devices.

He said 2,101 indecent images were subsequently recovered from a Samsung mobile phone and HP laptop.

He added: ""The majority of them were deemed live and accessible.

""A total of 48 videos were present on the laptop. It is fair to say the categorisation of the media on the computer was stopped due to the large number of images. A total of 395,555 images were uncategorized.""

Stilwell gave no comment in police interviews.""",4.729362e-09,3.383225e-09,1.0
"""Catching up on about 10,000 DMs today """,3.3180532e-09,4.3028243e-09,1.0
"""Apparently Trump blocked the Christ is King account. 

Lets take a look at everyone that hates Jesus Christ:

Satan
Jews
Donald Trump
Adam Green""",3.6397088e-09,4.6996336e-09,1.0
"Grimsargh man sexually assaulted and smothered baby, court told | Lancashire Telegraph",3.7270453e-09,7.978687e-09,1.0
SubhaanAllah,3.0281255e-09,7.117578e-09,1.0
"""@TRobinsonNewEra youre a grifting cunt """,3.933505e-09,4.4468176e-09,1.0
""" TRIGGER WARNING 

 An evil pair of child abusers have been handed a total sentence of 59 years after committing horrendous sexual and sadistic physical abuse against a baby.

Nathan Walker, 27 of Droitwich and his partner Bethany Marsden-Berry of Dines Green, Worcester appeared at Worcester Crown Court where they were both found guilty and convicted of;

- Causing grievous bodily harm with intent to a child aged under 13

- Two counts of cuelty to a person aged under 13

- Two counts of sexual assault by penetration of a child aged under 13

- Inflicting grievous bodily harm on a child aged under 13

The court was told that between them, the pair systematically abused the baby over a prolonged period of time.

The abuse included shocking levels of violence resulting in multiple injuries.

Further injuries included an a*al tear, which had resulted from one or both of the defendant's putting a body part or object up the r*ctum of the baby. 

The relentless abuse which the baby suffered at the hands of the defendant's was truly vile and beyond understanding that anybody commit such attacks on a defenseless baby. 

Although the injuries that the baby suffered were life threatening, the baby survived.

Bethany Marsden-Berry was handed a total sentence of 27 years, however due to the individual sentences being concurrent, a total imprisonment of 16 years was handed down.

Nathan Walker was handed a total sentence of 32 years, which again was individually allowed to run concurrent, meaning total imprisonment would be 25 years. 

Both would be subject to a sexual harm prevention order for 25 years, and told to register as a sex offender for life. 

* This case was NOT covered in the press. They were sentenced in December 2025. 

We believe all child abusers should be exposed for their vile crimes. 

Source UK Database.""",3.2566951e-09,5.419431e-08,1.0
Verily the promise of Allah is true,3.437722e-09,4.843603e-09,1.0
"""WTF is wrong with Israel?",3.7756855e-09,4.073273e-09,1.0
"""DISGUSTING: The g*y Grammy Award winner Shane McAnally is stunned by the MASSIVE backlash after posting a video of his surrogate baby boy crying for his mother  and says he finds the video hilarious, according to The Daily Mail.

McAnally told The Daily Mail: We found it hilarious. Hes five months old, he obviously doesnt understand English.

I was appalled by what some people have been saying. Some people have taken it out of context.

Blatant child abuse! Every CHILD needs a MOM!""",3.7615684e-09,3.795701e-09,1.0
"""60-y/o California Trump supporter Jason Esparza is sentenced to 93 yrs in prison for s*xually abusing children AS YOUNG AS 4 over nearly 20 YEARS! 

He groomed babysitters to provide him access to innocent little children.

Imagine if MAGA got half as mad over this as gay dads?",4.318652e-09,3.0499783e-09,1.0
""" Our friend @BegumNadiya is here to share how your little artist can enter our Eid card design competition  

Open to all children up to 16 years, the winner will have their design printed on our official GOSH Charity Eid cards 

Find out more:",2.5816194e-09,2.6554185e-08,1.0
"Im excited tell you that @GOSHCharity has launched their Christmas Appeal! Help spread festive cheer to the children, families and staff at GOSH by sending a special Christmas stocking message and donation if you can:  Thank you",1.2294276e-08,0.0027369068,0.9972631
Looking forward to seeing you this Friday in Cambridge.,2.8618197e-09,1.0888092e-08,1.0
"""So  what could be better at @CheltLitFest today than a fabulous, proper, afternoon tea and a conversation about baking with the equally fabulous @BegumNadiya about her new book. 
Info and tickets from the website.",2.6862421e-09,1.035969e-08,1.0
"""This is literally the best cheesecake weve ever heard of @BegumNadiya 

Watch the full interview with Nadiya on @GlobalPlayer",2.921218e-09,0.99999905,1.003887e-06
"""10 minutes to go until the first episode of #NadiyasEverydayBaking, make sure you tune into BBC2 at 8:30pm! @BegumNadiya will be showing you all her favourite Afternoon Tea recipes from her new cookbook - out now!",3.6122731e-09,6.810463e-09,1.0
"""""It's about making the oven do the work""

@BegumNadiya is back with a new book and some remarkable baking brilliance  

#TheOneShow",2.5625886e-09,0.99999774,2.3043974e-06
"""Baking champion and TV chef @BegumNadiya is here! 

What are your best bakes to make? Wed love to hear about and see them! 

Tonight at 7pm on @BBCOne &amp; @BBCiPlayer  #TheOneShow",5.6275895e-09,0.9995535,0.00044649432
"""""To celebrate the release of #GBBO star @BegumNadiya's new book, we're giving away a set of Prestige cookware and a personalised video message from Nadiya herself! Details here:  
""
--------------

There's not long to go until the release of my new cookbook #NadiyasEverydayBaking - I can't wait to share these recipes with you all!
Pre-order your copy @Waterstones and you could win a personalised video message from me and a set of brilliant bakeware",2.8926028e-09,1.8213988e-05,0.99998176
