text,label,label_Irrelevant,label_Salafi jihadi,label_Salafi taklidi
"""ISWAP attacked Nigerian army positions in Monguno, Borno State early this morning, on the way to reinforce the camp, Colonel I.A. Muhammad was ambushed by ISWAP and killed along with four other soldiers, yet another high ranking officer falls to insurgent bullets in the northeast.""",label_Irrelevant,0.99244785,0.005890248,0.0016618985
"""Imam Al-Khalll      said in his book At-Tarrajjul (Being a True Man), from his encompassing work Al-Jmi, about Imam Ahmad     :

Ysuf ibn Ms al-Qan informed me that Ab Abd Allh (Imam Ahmad) was asked: Does a man let his hair grow? He said: Yes, if he is able to do so.

Muammad ibn Ab Hrn informed me that Isq related to them that Ab Abd Allh was asked about a man growing his hair. He said: It is a good sunnah  if it were possible for me, I would have done it.

Grow your hair out if youre able inshaAllah, and dont listen to feminine Madkhalis. They cant find anything of substance to critique, so they critique someones long hair. What a bunch of morons.""",label_Salafi jihadi,0.10193775,0.027465148,0.870597
"""Every Muslim who is being slandered by the hypocrites/disbelievers should be defended without a doubt, or offered a word of support at a minimum (even if they dont need it). This is the bare minimum rights that any of the Mashayikh, Mujahideen, or the laymen Muslims have upon their Muslim brothers.

That being said, do not be of those who voluntarily bring heartache or sadness to Muslims, by sharing with them slander against them, that they might otherwise be ignorant of occurring. Even the Prophet     was hurt by the slander/Kufr of Quraysh, Allah   Says:

      

Imam Ibn Jarir At-Tabari   comments on this Ayah and said:

The Exalted says  in His mention  to His Prophet Muhammad : And indeed We know, O Muhammad, that your chest is constricted by what these polytheists of your people say  by their denial of you, their mockery of you, and their mockery of what you have brought to them.

Its also mentioned by Ibn Abee ad-Dunya in his Al-Ishraf:

tim ibn Yay narrated to us, saying: I heard Muammad ibn Yay al-Marwaz say: A man said to Wahb ibn Munabbih, So-and-so has insulted you. He replied: Could the devil find no messenger other than you?

And these are widely cited although I couldnt find a Sanad for them, although due to its meaning, it is worthy of mentioning as a reminder for us all, InshaAllah:

Its said that a man came to a wise man and said: So-and-so has insulted you. He replied: He shot an arrow at me and it did not reach me  so why did you carry the arrow and lodge it in my heart?

And its said that a man came to al-Shfi  may Allah have mercy on him  and said: So-and-so speaks ill of you. He replied: If you are telling the truth, then you are a tale-carrier (Nammm); and if you are lying, then you are a transgressor. So the man was ashamed and left.

Defend your brothers in Islam, without hesitation, but be weary not fall into the trap of Nameemah unintentionally, lest you hurt your brother(s) unintentionally. If anything, if someone gets slandered often, be the bearer of good and positive news instead. Work to spread their Dawah, and make it widespread. Share with them the messages of support that flood social media during the slander, instead of the slander itself. 

Theres a wonderful website  thats been assembled, Allahumma Brek. Every time someone slanders the Shaykh, share this website. Let the hypocrites die in their rage.""",label_Salafi jihadi,0.035887204,0.8382917,0.12582111
"""If I understand correctly, ships seeking safe passage through the Strait of Hormuz are required to make payments to Iranian entities that are either formally sanctioned or additionally designated as terrorist organizations by the US and EU. 
In other words, it all comes down to a simple, binary choice: either maximum pressure on Iran together with maximum pressure on the global energy market, or sanctions relief on Iran as a condition for relief of the global energy crisis.
That is the scale of the astounding US-Israeli victory in their latest war. 
More brilliant achievements to come.""",label_Irrelevant,0.99423164,0.0045969444,0.0011713933
"""Ive said this multiple times in private to brothers, and probably publicly at some point: People who are 3-minutes into the Deen and Manhaj, should not be platformed in anyway to speak about the Deen. If someone is known to flip flop their positions, on top of being very new, then theyre even worse. 

If they continue to do so publicly, after being advised to shut their mouth, sit down, and learn the foundations of Islam and its branches, then they should be publicly shunned and not associated with publicly. 

These morons who are 3-minutes into the Deen who cant even pronounce Kafir properly are making Takfir of giants,  , all because they have the reading comprehension of a Madkhali. 

If theyre not feds already, then they are on the edge of Zandaqa due to such blatant Ghulu. Dont be surprised when these morons evolve to Takfir the likes of Imam Ahmad, and we seek refuge in Allah from such Zandaqa.""",label_Salafi jihadi,0.9637867,0.007941135,0.028272148
"""This Ummah is blessed &amp; bountiful.

- Shaykh al-Muhaddith Sulaymaan al-Alwaan",label_Salafi jihadi,0.01923331,0.2024395,0.77832717
"""Shaykh Saleh al-Fawzan recommending students read the book of Saleh al-Munajjid saying it is well needed and praising Allaah for making him an aider of the haqq
 """,label_Salafi taklidi,0.0047759656,0.023283824,0.9719402
"""Mr. Shekau wouldn't be happy with the house of Saud today unharaming western music in the country ;).",label_Salafi jihadi,0.9750093,0.017610004,0.0073805787
"""Countries where insulting Jesus is a criminal offence:

Pakistan
Saudi Arabia
Iran
Egypt 
Syria
Iraq
Indonesia
Malaysia
Afghanistan
Somalia
Qatar
Kuwait
Yemen

Countries where insulting Jesus is legally permissible:

United States
United Kingdom
France
Canada
Ireland
Denmark
Netherlands
New Zealand
Sweden
Norway
Finland
Germany
Belgium
Australia
New Zealand""",label_Irrelevant,0.9957209,0.0026078746,0.0016712965
"""Jaysh Abu Bakr al Saddiq. They had a secret pledge to Dawla which was revealed in 2010. Dawla seemed to have had a policy of secret pledges in this period.""",label_Salafi jihadi,0.65125746,0.3234389,0.025303667
"""IRAN DROP NEW LEGO VIDEO MOCKING PETE HEGSETH",label_Irrelevant,0.99607277,0.0028252245,0.0011020068
"""There is no difference in deeming something unlawful as permissible, whether it is for a profession or for other reasons.

 Considering tabarruj and unveiling as permissible is major Kufr that expels one from Islam.

Considering kissing and embracing non-maram women as permissible is major kufr that expels one from Islam.

So woe to those who engage in tabarruj while deeming it permissible, and to those who treat kissing and embracing non-maram women as permissible in practice.

So repent to Allah before you meet Him with this hypocrisy and major Kufr.

Shaykh Saadiq Al Hashami""",label_Salafi jihadi,0.60050684,0.2042268,0.19526634
Youre a Wahhabi no bro Im a shah waliullah dehlawi,label_Irrelevant,0.46076003,0.47707734,0.06216265
"""that Shias are fighting for palestine""",label_Irrelevant,0.9960961,0.0027441103,0.0011598862
"""""The Mohamed Salah replacement has to be Michael Olise.""
""
--------------

It has to be.",label_Irrelevant,0.68963873,0.27935722,0.031003999
"""The Mohamed Salah replacement has to be Michael Olise.""",label_Irrelevant,0.9760503,0.019037504,0.004912162
"""Nuno Mendes, Hakimi and Vitinha all fighting over getting Salahs shirt at the end. #ThatsMyWin #Legacy",label_Irrelevant,0.98678243,0.004687399,0.0085302405
"A feminist committing kufr doesnt mean you shit on all women, we are Muslim men, we need to stop carrying the traditional values of our Hindu ancestors.",label_Salafi taklidi,0.99613744,0.0023985114,0.0014640951
"""when you have no talking stage, no crush, no love life just chilling",label_Irrelevant,0.9949456,0.0026124127,0.002442004
"""We need this Liverpool tomorrow",label_Irrelevant,0.9937982,0.0027090665,0.0034926974
"""""@synszo i could watch you bleed to death and not even flinch""
""
--------------",label_Irrelevant,0.99566525,0.0025867235,0.0017481343
"""""just realized there was no windows 9 and there was also no iPhone 9 and i'm here wondering why no. 9 was skipped? 
""
--------------

And no more number 9s in the new generation of football",label_Irrelevant,0.9954483,0.0025028037,0.0020488647
Women that act like men haters are the ones most obsessed with men,label_Irrelevant,0.9937842,0.003042016,0.0031737238
"""""what would heal you?""
""
--------------

Another season of game of thrones so sensational that it makes up for the poor end",label_Irrelevant,0.9942205,0.0033486257,0.0024308693
"""""The guess the Pakistani videos are goated""
""
--------------",label_Irrelevant,0.9960387,0.0027850016,0.0011763617
The guess the Pakistani videos are goated,label_Irrelevant,0.9945357,0.0027807713,0.0026835897
""""" Dana White paid off $500,000 of Adin Ross' gambling losses and added another $50,000 for him to keep playing.

""Enjoy the night, kid.""

 @adinross 
""
--------------

I dont understand this concept of rich people giving other rich people charity, give it to people that actually need it smh",label_Irrelevant,0.99227107,0.0026192707,0.0051096957
"""Elleri demir ranzaya bal Uygur Trk ocuun, bir inli tarafndan elektrookla ikence edildii grntler ortaya kt.",label_Irrelevant,0.96333694,0.03193585,0.0047272732
Shias are weird,label_Irrelevant,0.9951416,0.0029912014,0.0018670964
Hilarious seeing these blue tick begs all finally talking against Andrew Tate when d riding him and copying his persona is how they got clout,label_Irrelevant,0.9896807,0.007876701,0.002442577
"""""whos your favourite marvel character? asking for scientific reasons.""
""
--------------

Only one correct answer",label_Irrelevant,0.9952964,0.0019862093,0.0027173532
"""""Youre an incel you dont get girls ok bro  
""
--------------

Yeah guys I absolutely think these are real women dying over me",label_Irrelevant,0.99401337,0.0029179684,0.003068706
"""Notice how you didnt say Im wrong""",label_Irrelevant,0.99221635,0.0035927107,0.004190954
"""""
""
--------------

Notice how you didnt say Im wrong",label_Irrelevant,0.9943508,0.0027917193,0.0028574802
"""Feminism in of itself is a ideological movement that can lead to kufr (Hadith rejection, Quranic distortion, and insulting Allah) 

Red Pill has always been called kufr by Muslims, and misogyny is a loaded term whose definition can be or cant be kufr""",label_Salafi taklidi,0.9962173,0.0027396418,0.00104303
"""How Zoomer girls see Euphoria",label_Irrelevant,0.9949646,0.0023047833,0.00273063
"""Crazy scenes on Kuwaiti Twitter right now, a fair few government bootlickers (including those who mocked certain Gazan figures), have had their citizenships revoked. Of course many are having a field day with this now.""",label_Irrelevant,0.99484336,0.004243406,0.00091320125
"""To the saved sect , honest question. 

What is the basis for boycotting someone who doesnt speak on an individual? Keep in mind, im not referring to major innovators""",label_Salafi taklidi,0.99134266,0.0025895888,0.006067705
"""These new gym ppl not it bruh I went up to dis one dude and asked how many sets he got left bro said 10 fuck u mean u got 10 sets left bro""",label_Irrelevant,0.9916284,0.003378878,0.0049927155
"""He got demoted from Shaykh to brother in under a week. I think that may be a world record.",label_Irrelevant,0.9893483,0.0034163482,0.007235324
"""Its more off the fact that woman dont have the capacity to actually care about your problems and prefer the complaining and opening up in a relationship to be from them""",label_Irrelevant,0.995808,0.002464901,0.0017271532
"""Wallahi Dajjal is gonna have a field day with you lot",label_Irrelevant,0.99487054,0.0028567468,0.0022727086
Wallahi Dajjal is gonna have a field day with you lot,label_Irrelevant,0.9931176,0.0036200446,0.0032622982
Its more off the fact that woman dont have the capacity to actually care about your problems and prefer the complaining and opening up in a relationship to be from them,label_Irrelevant,0.99493295,0.0029537913,0.0021132848
"""""Bro, the Hanbali madhab is the closest to the sunnah!""
""Interesting. What makes you say that?""
""The Hanbali scholars said so!""

GENIUS""",label_Irrelevant,0.4365507,0.09259214,0.47085714
"""Israeli occupation forces are carrying out massive home destruction attacks east of Gaza City and east of Khan Younis..",label_Irrelevant,0.99628735,0.0026697917,0.0010429467
"""Two people have been killed by Israeli fire in Beit Lahiya, north of the Gaza Strip..""",label_Irrelevant,0.9958572,0.002445315,0.0016974813
"""Do they not ever reflect on camelshow they were masterfully created.

-Quran 88:17",label_Irrelevant,0.9937396,0.004439868,0.0018204802
"""Jesus is a slave

To Allah """,label_Irrelevant,0.9961559,0.0025115716,0.0013324465
"""Does man think that We will not assemble his bones? Yes, We are Able even to proportion his fingertips.

 Quran 75:34""",label_Irrelevant,0.99625057,0.001989722,0.0017597481
"""The Israeli genocide army documents its destruction of a school building in a village in southern Lebanon.",label_Irrelevant,0.99647564,0.002567683,0.000956762
"""Palestinian boy Mohammad Murad, 17, and another boy wounded in the village of Beit Daggo, east of Jerusalem..""",label_Irrelevant,0.9959766,0.0024506745,0.0015726743
"""This is the creation of Allah. (Q.31:11)""",label_Irrelevant,0.9957243,0.0019993323,0.00227633
"""When I feel ashamed of my shortcomings upon seeing Allah's generosity toward me..",label_Irrelevant,0.9945352,0.0027815273,0.0026833736
""" The Sarajevo Sniper Safari:
Where wealthy foreigners paid to sh.t innocent civilians for fun

During the Bosnian W4r, wealthy individuals, mostly from Italy, but also other European and North American countries paid Serb Forces between 80,000 to 100,000 to participate in sniping Bosnian Muslim civilians. Some witnesses claimed a ""price list"", with much higher payments tied to shooting children.""",label_Irrelevant,0.99596196,0.0026916359,0.001346399
"""Retweet the Quran, your hands will bear witness for you on judgement day...",label_Irrelevant,0.9961533,0.0017167648,0.0021299596
""" LIVE TODAY!
Please join us for a special DawahWise 450K subscribers livestream!
Live Q&A - Engage, Challenge, Clarify
Link: 
Thursday, 23rd Apr, 2026 at 5pm (UK) | 9:30pm (IST) | 12pm (EST)
 Panel: Dr. Sarmad and I.Hakim @CogentFaith with the #DawahWise Team: @MansurXAhmed and Hashim @DawahWise
Please Like, Share, Subscribe and Follow""",label_Salafi taklidi,0.29798114,0.013559978,0.6884589
""" LIVE NOW!
Please join us for a special DawahWise livestream!
P2 - If Hinduism Is Universal Truth, Why Did the World Reject It? - Live Q&A
Link: 
Thursday, 16 Apr, 2026 at 9:30pm (UK)
 Panel: Zeeshan @Smile2Jannah, I.Hakim @CogentFaith with the #DawahWise Team: @MansurXAhmed, Mohammad @Real_MetaPhysix and Hashim @DawahWise
Please Like, Share, Subscribe and Follow""",label_Irrelevant,0.09785487,0.0153561095,0.886789
""" LIVE TODAY!
Please join us for a special DawahWise livestream!
If Hinduism Is Universal Truth, Why Did the World Reject It? - Live Q&A
Link: 
Thursday, 16 Apr, 2026 at 5pm (UK) | 9:30pm (IST) | 12pm (EST)
 Panel: Zeeshan @Smile2Jannah, I.Hakim @CogentFaith with the #DawahWise Team: @MansurXAhmed, Mohammad @Real_MetaPhysix and Hashim @DawahWise
Please Like, Share, Subscribe and Follow""",label_Irrelevant,0.05443178,0.012771162,0.932797
""" LIVE TODAY!
Please join us for a special DawahWise livestream!
Live Q&A - Engage, Challenge, Clarify
Link: 
Thursday, 9th Apr, 2026 at 5pm (UK) | 9:30pm (IST) | 12pm (EST)
 Panel: Al-Yemeni @MARazack26 and I.Hakim @CogentFaith with the #DawahWise Team: @MansurXAhmed and Hashim @DawahWise
Please Like, Share, Subscribe and Follow""",label_Irrelevant,0.12882975,0.022268241,0.84890205
""" LIVE TODAY!
Please join us for a special DawahWise livestream!
Most Compelling Argument for Gods Existence
Link: 
Thursday, 2nd Apr, 2026 at 5pm (UK) | 9:30pm (IST) | 12pm (EST)
 Panel: @YusufPonders and Muris @IslamDiscovered with the #DawahWise Team: @MansurXAhmed and Hashim @DawahWise
Please Like, Share, Subscribe and Follow""",label_Irrelevant,0.039374202,0.013668647,0.9469571
Eid Mubarak.,label_Irrelevant,0.99369675,0.003793238,0.0025100207
"[Al-Baqarah - 136] Say (O Muslims), ""We believe in Allah and that which has been sent down to us and that which has been sent down to Ibrahim (Abraham), Isma'il (Ishmael), Ishaque (Isaac), Ya'qub (Jacob), and to Al-Asbat [the twelve sons of Ya'qub (Jacob)], and that which has been given to Musa (Moses) and 'Iesa (Jesus), and that which has been given to the Prophets from their Lord. We make no distinction between any of them, and to Him we have submitted (in Islam).""

Sadly, the earlier people that were entrusted with much of what was revealed to these prophets, these communities failed to preserve these revelations. 

Muslims do not need to look for these revelations of the past. Quran describes to us what is needed to know. 

Previous revelations were for the people of the past. 
Quran is for now and for the future. 
There is within it guidance, without doubt, for people of consciousness of God.",label_Irrelevant,0.9884799,0.004452442,0.0070676655
"""Ramadan Mubarak! from the DawahWise team.
May Allah forgive our shortcomings and accept our prayers, fasts, tilawa'at, charity and all ibada'at in this blessed month. Keep us all in your du'as  

@MansurXAhmed",label_Irrelevant,0.9271849,0.0070933998,0.06572169
""" LIVE TODAY!
Please join us for a special DawahWise Livestream!
Link: 
Decoding Advaita Vedanta Hindu Philosophy - Live Q&A
Thursday, 12th Feb, 2026 at 5:30pm (UK) | 11pm (IST) | 12:30pm (EST)
 Panel: Malik and I.Hakim @CogentFaith with the #DawahWise Team: @MansurXAhmed and Hashim @DawahWise
Please Like, Share, Subscribe and Follow
#brahman #hinduism #advaitavedanta""",label_Irrelevant,0.032179974,0.008909234,0.9589109
"""The logical problem of the Trinity (Part 2):

What Does Is God Mean in the Trinity. Logical Contradiction or Polytheism",label_Irrelevant,0.9913498,0.0027481155,0.0059021
""" LIVE TODAY!
Please join us for a special DawahWise livestream!
The Dharma Myth: Why So Many Hindus Defend What's Not Divine? - LIVE Q&A
 Thursday, 29th Jan, 2026 at 5pm (UK) | 10:30pm (IST) | 1pm (EST)
Link: 
 Panel: Zeeshan @Smile2Jannah, I.Hakim @CogentFaith with the #DawahWise Team: @MansurXAhmed and Hashim @DawahWise""",label_Irrelevant,0.041034564,0.010210447,0.948755
"POST 6  Motive check: Did he gain anything?

Power, wealth, status?
False prophets seek:
  Luxury
  Control
  Dynasties

Muhammad :
  Lived in a mud-brick room
  Often slept on a straw mat
  Died with his armour pawned for food
  Left no inheritance

When offered kingship and wealth, he refused.
Even after ruling Arabia, his lifestyle did not change.
Reminder:
People fake religion to gain the world  Muhammad  abandoned the world when it was offered to him.

The claim that Muhammad  sought worldly gainwealth, power, or prestigeis contradicted by well-attested historical and material evidence from his life.

Despite ruling Madinah and having access to resources unavailable to him earlier in Makkah, the Prophet  continued to live in extreme material simplicity. His dwelling beside the Prophets Mosque was austere, especially when contrasted with the luxury of contemporary Byzantine and Sasanian rulers. This physical reality remains a tangible historical testimony.

Multiple authentic reports establish that his lifestyle was one of consistent moderation and self-denial:

  Chronic material scarcity: ishah reported that the Prophets household in Madinah did not eat their fill for three consecutive nights until his death (Bukhr 6089; Muslim 2970). Even at the time of his passing, there was nothing edible in his home except a small amount of barley (Bukhari 6086, Muslim 5281).

  Voluntary asceticism: This deprivation was not forced by weakness or persecution; it continued unchanged even when wealth and authority were available to him.

  Aversion to wealth at death: During his final illness, the Prophet  insisted that a small amount of gold in his possession be given away in charity immediately, expressing fear of meeting God with any worldly attachment (reported by Amad; authenticated by al-Haytham).

  Eyewitness testimony of companions: Umar ibn al-Khab described finding the Prophet  sleeping on a rough mat that left marks on his body, with only a small measure of barley and a few leaves as provisions. When Umar wept at this contrast with imperial luxury, the Prophet replied: Are you not pleased that they have the world, and we have the Hereafter? (Ibn Mjah; authenticated by al-kim).

  No accumulation or inheritance: He died with his armour held as collateral by a Jewish resident of Madinah for barley (Bukhr 2759). He explicitly declared that prophets do not leave inheritance; whatever they leave is charity (Bukhr 6346; Muslim 1758). Consequently, neither his wives nor his daughter inherited wealth from him.

This patternliving with the bare minimum, dying with the bare minimum, and leaving ones family with the bare minimumis fundamentally inconsistent with the behaviour of a charlatan motivated by self-interest, prestige, or material gain.

This conclusion is not confined to Muslim scholarship. The New Catholic Encyclopedia states:
A case has been made that mere economic gain was the inspiration for Mohammeds religious revolution. That case does not suit the facts as they are known. (The New Catholic Encyclopedia 2003, second edition, vol 10, p52. art. Muhammad.)

Taken collectively, the evidence strongly indicates that Muhammad  did not possess, nor act upon, any worldly interest in his claim to Prophethood.",label_Irrelevant,0.05776694,0.8429889,0.09924412
""" LIVE TODAY!
Please join us for a special DawahWise livestream!
Live Q&A - Engage, Challenge, Clarify
Link: 
Thursday, 22nd Jan, 2026 at 5pm (UK) | 10:30pm (IST) | 1pm (EST)
 Panel: Muris @IslamDiscovered, I.Hakim @CogentFaith and Al-Yemeni @MARazack26 with the #DawahWise Team: @MansurXAhmed and Hashim @DawahWise
Please Like, Share, Subscribe and Follow""",label_Irrelevant,0.04976473,0.039391004,0.9108442
Only Islam is True- Ep 3  via @YouTube,label_Irrelevant,0.9921143,0.0026227208,0.005262962
""" LIVE TODAY!
Please join us for a special #DawahWise Livestream!
The Shocking Connection Between UFOs, Aliens and Jinns- LIVE Q&A
Link: 
 Thursday, 15th Jan, 2026 at 5pm (UK) | 10:30pm (IST) | 1pm (EST)
 Panel: @ImranHussein87, @BroFaruq, Islam Hakim @CogentFaith and Hashim @DawahWise
Please Like, Share, Subscribe and Follow
#ufos, #alien, #jinn, #islam, #paranormal, #encounters, #supernatural, #abductions, #demons, #spiritual, #unexplained""",label_Irrelevant,0.28955898,0.03305561,0.6773854
"POST 5:

Someone assessing Muhammads   claim to prophethood faces a stark set of possibilities: either accept that he was truthful and fully trustworthy in conveying what he believed was revealed to him; and that his role as a messenger between humanity and its Creator was genuine; or conclude that he knowingly fabricated his message and orchestrated a sustained deception against those who followed him. In this framing, a claimant to prophethood would be either exceptionally truthful, deliberately fraudulent, or sincerely mistaken.

If Muhammads  honesty is rejected, the alternative is to portray him as an unparalleled impostor: inventing portions of the Quran in response to unfolding events, staging words and actions to mimic revelation, and maintaining an elaborate performance of devotion and sincerity. This would also imply consistent deception in private and public life, such as toward his closest Companions, in everyday dealings, and even within his household, by presenting an appearance of integrity while concealing calculated dishonesty.

Even those who denied his message struggled, deep down, to regard him as a liar; their refusal was rooted instead in resistance to his call to monotheism and to leaving the religion of their ancestors, not in doubts about his personal integrity. The Quran reflects this distinction: We certainly know that what they say grieves you It is not you they accuse of lying, but it is Allahs signs that the wrongdoers deny (Quran 6:33). Accordingly, their stance was less an accusation of falsehood than a rejection of his prophethood driven by obstinacy.

               

Paul Casanova, a French Orientalist states: 
'Before entering into the heart of the question, I wish to state at once that I reject a priori any theory tending to suspect Mohammeds sincerity. No doubt one may be led to believe that, in his later years, the necessities of politics led him to present his personal ideas as divine revelations, so as to secure better obedience. But that must not cast doubt on his sincerity; a modern psychologist may see in it auto-suggestion, and it is contrary to every scientific mind to assert, without proofs, that there was imposture and calculation. The whole history of the Arab Prophet proves that his character was positive, serious, and loyal. Even when his absolute power was acknowledged, he knew how to listen to advice, admit his faults, and correct them'
(Casanova, P. (1911). Mohammed et la fin du monde: tude critique sur lIslam primitif. Paris: Geuthner. P5)

When Muhammad  was instructed to summon his close kin to Islam, he chose a public, familiar setting and addressed the Quraysh clans from Mount af, calling them by name. He then tested the credibility they already attributed to him: If I told you that horsemen were in the valley preparing to attack you, would you believe me? They replied that they would, because they had only ever known him to be truthful. (a al-Bukhr, hadith 4523).

He met lifes hardships with a calm spirit and turned away from temptation with unwavering resolve. He deliberately chose a demanding road marked by isolation and painful trials, driven by the task of conveying what he believed to be the truth: calling people away from inherited idolatry and moral corruption, and gathering them around virtue and piety.
How can that portrait be made consistent with the opposing claim sometimes advanced by criticsthat he was a liar, animated by deception and emptied of genuine goodness? The two pictures point in opposite directions; holding them together as equally true creates a contradiction that needs explaining rather than assertion.

It is strongly corroborative of Mahomets sincerity that the earliest converts to Islam were not only of upright character, but his own bosom friends and people of
his household; who, intimately acquainted with his private life, could not fail otherwise to have detected those discrepancies which ever more or less exist between the professions of the hypocritical deceiver abroad and his actions at home. (Muir, W. (1877). Life of Mahomet: From Original Sources. London:Smith, Elder, and Co. p60)

Heracliusdescribed as perceptive and shrewdquestioned Ab Sufyn while Ab Sufyn was still a non-believer and openly hostile to Muhammad , and asked whether Muhammad  had ever been accused of lying. Ab Sufyn replied that he had not, so Heraclius reasoned that someone who would not lie to people would be unlikely to fabricate a lie about God. (Reported in a al-Bukhr, hadith 4278, and a Muslim, hadith 1773.)

To maintain that Muhammad  was lying, one must believe:
-He fabricated the Quran while maintaining internal consistency for 23 years
-He knowingly condemned lying while being historys greatest liar
-He endured persecution, exile, hunger, and war for a deception
-He lived modestly despite absolute authority
-He died without wealth, dynasty, or inheritance

Critical Question:
What liar chooses suffering when power, wealth, and compromise were repeatedly offered?",label_Irrelevant,0.8292007,0.10513018,0.0656692
"POST 4  Moral character

Moral uprightness as evidence

Before prophethood, Muhammad  was universally known as:
al-diq al-Amn  The Truthful, The Trustworthy

This reputation was not given by followers 
It was acknowledged by his enemies.

Key question:
Would divine guidance be entrusted to someone morally corrupt?
Across every dimension:
Honesty
Mercy
Patience
Humility
Self-restraint

Muhammad  exhibited consistent moral excellence, privately and publicly.

Even his closest attendant (Anas ibn Mlik) reported:
By Allah, I served him for seven or nine yearsI do not know that he said for something I did not do: Why did you not do such and such? (Muslim 2310)

When the feet of the Prophet were swollen from
standing in worship, it was said to him, O Messenger of Allah, Allah has forgiven you all your past sins. He replied, So should I not be a thankful servant? (Bukhari 4557, Muslim 2819,  wording from Ahmad 18114)

His companion Anas reports: ''There was no person more beloved to them than the Messenger of Allah. When they saw him, they would not stand, as they knew he disliked it (Tirmidh i 335)

When Ab Hurayrah requested that he place a sheet
over the mat that left a mark on the Prophets back, he replied, And what connection do I have with the world? In relation to this world, I am just like a traveller who took shade under a tree, and then he got up and left.'  (Tirmidh 2377)

When Makkah was conquered, Ab Bakr carried
his own father so that he would give his pledge to the Messenger of God. He said, Why could you not leave the old man at his house, so that we would be the ones to visit him? (Amad 27001, Ibn ibbn 7208, and kim 4363)

The Prophet () said, ""When I start the prayer I intend to prolong it, but on hearing the cries of a child, I cut short the prayer because I know that the cries of the child will incite its mother's passions."" (Bukhr 709); and Muslim 192).

Abdullh ibn Masd said, We were with the Messenger of Allah on a journey. We saw a desert lark with two chicks. We took the chicks. The lark came and apped her wings furiously. When the Messenger came, he said, Who has grieved this bird over its chicks? Return the chicks to her.  (Ab Dwd, 5268)

Frauds do not maintain moral consistency across decades, hardship, power, and intimacy.",label_Irrelevant,0.7721792,0.053119186,0.17470163
"""The Christian Meat Dilemma:
If halal/kosher slaughter is cruel, then Jesus who ate it and, as God according to christians, upheld Jewish law approved or commanded it. 

Condemn the practice, and you end up condemning Jesus.

Ill call this argument the CMD""",label_Irrelevant,0.9951741,0.0034115214,0.0014143822
""" LIVE TODAY!
Please join us for a special DawahWise livestream!
Live Q&A - Engage, Challenge, Clarify
Link: 
Thursday, 8th Jan, 2026 at 5pm (UK) | 10:30pm (IST) | 1pm (EST)
 Panel: Muris @IslamDiscovered, I.Hakim @CogentFaith, Brandon @MercifulMessage, Al-Yemeni @MARazack26 with the #DawahWise Team: @MansurXAhmed and Hashim @DawahWise
Please Like, Share, Subscribe and Follow""",label_Irrelevant,0.03930346,0.018717218,0.94197935
"Live today 
  via @YouTube",label_Irrelevant,0.98746955,0.0028666668,0.00966381
"POST 3  Preservation: Can we even know who Muhammad  was?

Is his life historically accessible?

A common objection is:
Islamic history was fabricated later.
But this claim collapses under scrutiny.

Muhammad  is the most extensively documented religious figure of antiquity.

Why?
-The Quran preserves real-time responses to events
-His life (srah) is preserved through multiple independent chains
-Muslim scholars developed an unparalleled system of narrator and text criticism (hadith)

Islamic historiography surpassed other approaches in rigor.

Conclusion:If Muhammad  cannot be known historically, no ancient figure can.",label_Irrelevant,0.9794669,0.010391051,0.010141992
"""Christians Started Questioning Their Beliefs | Mansur | Speakers Corner #Islam #christianity #debate #bible #jesus #god #allah #quran #muslim #christian #religion #church #trinity",label_Irrelevant,0.98008907,0.009897562,0.010013439
"POST 2  How prophethood is tested

Extraordinary claims require transparent evaluation.

Prophethood is not about charisma or popularity. It is about truthful transmission of revelation.

Any claim to prophethood must satisfy at least these two conditions:
1.  Truthfulness of the claimant
2.  Irrefutable evidence for the claim

We therefore ask:
  Was Muhammad  known to lie?
  Did he provide demonstrable evidence for his claims?
  Did his life align with what he preached?

Crucially, neutral history leaves us only three options:
  Muhammad  was profoundly honest (i.e. a genuine prophet of God)
  Or he was sincerely deluded
  Or he was the greatest deceiver in human history

There is no other reasonable position. The idea that he is a legendary figure shaped by later followers, is not worth entertaining.",label_Irrelevant,0.9783504,0.0099589275,0.011690776
"Atheism is self delusion of ones origins and negation of the most reasonable explanation 

The Evidence of Allah Is In Front of You  via @YouTube",label_Irrelevant,0.9793952,0.0038243253,0.016780414
"How do we critically test a claim to Prophethood?

Series Introduction
Many people ask:Why should anyone believe Muhammad  was a true prophet of God?

This series does not begin with blind faith. It begins withcritical evaluation.

Any serious assessment of prophethood must answer three preliminary questions:

Does God exist?
Does God communicate with humanity?
Are miracles and revelation logically possible?

If the answer to these is yes, then the question becomes empirical and historical:

Did Muhammad  truthfully convey a message from God, or did he fabricate it?

In this series, we will examine his claim usingpublic evidence, not theological presuppositions.

What this series will cover:
Each post will address one critical criterion used by historians and philosophers when evaluating prophetic claims:
-Preservation of Muhammads  life and message
-His moral character before and after prophethood
-His honesty and reputation among allies and enemies
-Psychological sincerity vs deception or delusion
-Worldly motives  power, wealth, status?
-The Quran as a public, testable miracle
-Historical miracles and mass testimony
-Addressing common objections

Outcome:
Either Muhammad  was:

-A deliberate fraud
-A sincerely deluded man
-Or a genuine prophet of God

Onlyoneof these explanations survives critical scrutiny.",label_Irrelevant,0.8841242,0.018030783,0.09784498
"Hey @grok can you give me some examples of real information exchange between Jesus as omniscient God (not his human self) and the Father as God from the Biblical texts? 
Note that logically, real information exchange is not possible between two omniscient entities. 
Also note that logically, omniscient entities can never become less than omniscient in any form or shape at any time. 
If you find in the Bible these two entities as omniscient and having real exchange of information, would you call this a paradox or dilemma (name it)? 
If you find Jesus as less than omniscient God having a real information exchange with God the Father, would you call this a paradox or dilemma (name it), as omniscient entities can not become less omniscient at any time?
Your assessment should be free from Christian theological bias from their belief assertions and explanations, but purely on logical grounds. I dont want to hear any of their explanations which fails to address this purely logically. Remember this is a test case to see if you are unbiased.",label_Irrelevant,0.97898465,0.0055110543,0.015504423
"Todays Speaker Corner discussions was an interesting experience. We had a Polish sister accepting Islam and we  got @MARazack26 
 conduct her marriage immediately afterwards!",label_Irrelevant,0.99506193,0.0021064626,0.0028315845
""" LIVE TODAY!
Please join us for a special DawahWise livestream!
Link: 
Debate Review | DOES GOD EXIST? Mufti Shamail Nadwi vs Javed Akhtar - LIVE Q&A
 Thursday, 1st Jan, 2026 at 5pm (UK) | 10:30pm (IST) | 1pm (EST)
 Panel: Zeeshan @Smile2Jannah, @SubboorAhmad, I.Hakim @CogentFaith with the #DawahWise Team: @MansurXAhmed and Hashim @DawahWise
Please Like, Share, Subscribe and Follow
#JavedAkhtar, #MuftiShamailNadwi, #DoesGodExist, #debate, #atheism, #islam, #Religion, #faith, #Philosophy, #god, #IndianDebate, #LogicalDiscussion""",label_Irrelevant,0.030859701,0.014211646,0.95492864
"Explosive: The UAEs Hidden Hand in Creating Anti Muslim Hatred  via @YouTube

Why do you disagree with this analysis?
Why do you agree with this analysis ?",label_Irrelevant,0.9952377,0.0036343108,0.0011279773
"The concept of 'One God' can't be any simpler:
Here is the Mother God Wuwa, Daughter God Lilli, Uncle God Samu, Sister God Bila, Husband God Juja, Wife God Piva. 
That's precisely One God. Same nature, just different hypostasis. 
The question is: is this Monotheism? 
Compare this to Surah Ikhlas (112) of the Qur'an and tell me which one is pure and true monotheistic concept of God.",label_Irrelevant,0.95936763,0.010843413,0.029788932
""" LIVE TODAY!
Please join us for a special DawahWise livestream!
Link: 
Live Q&A - Engage, Challenge, Clarify
Thursday, 25th Dec, 2025 at 5pm (UK) | 10:30pm (IST) | 1pm (EST)
 Panel: Shabbir @AllTruthReveal, Muris @IslamDiscovered, Brandon @MercifulMessage, Al-Yemeni @MARazack26 with the #DawahWise Team: @MansurXAhmed and Hashim @DawahWise
Please Like, Share, Subscribe and Follow""",label_Irrelevant,0.014742303,0.03611655,0.94914114
Curious Women Press Muslim with Tough Arguments | Mansur | Speakers Corner,label_Irrelevant,0.94421285,0.0088503035,0.04693683
""" LIVE NOW! 
Today's guest list DawahWise Bangla celebrates 100K YT subscribers    
Link to join this special livestream 
Hosted by @MansurXAhmed",label_Irrelevant,0.62052643,0.023397192,0.3560763
"""I need your support for my dawah, medical, &amp; subsistence costs. 

If you've benefitted from my contribution to the dawah in any way,  please support me. 

BuyMeACoffe: 

PayPal:",label_Irrelevant,0.9941049,0.002897588,0.0029974738
""" LIVE TODAY!
Please join us for a special DawahWise livestream!
How Islam Won the Heart And Mind Of An Atheist - Live Q&A
Link: 
Thursday, 4th Dec, 2025 at 5pm (UK) | 10:30pm (IST) | 1pm (EST)
 Panel: , I.Hakim @CogentFaith, @SubboorAhmad, Al-Yemeni @MARazack26 with the #DawahWise Team: @MansurXAhmed, Mohammad @Real_MetaPhysix and Hashim @DawahWise
Please Like, Share, Subscribe and Follow
#islam #science #atheism #evidence #god #faith #physics #maths""",label_Irrelevant,0.017693745,0.03565979,0.9466466
"Unreliable Bible
Unreliable Bible
Unreliable Bible

Can Muslims Grant The Bible As Reliable Scripture And Prophecy??!! With ...  via @YouTube",label_Irrelevant,0.99486685,0.0024959706,0.002637124
""" LIVE TODAY!
Please join us for a special DawahWise livestream!
Link: 
Live Q&A - Engage, Challenge, Clarify
Thursday, 20th Nov, 2025 at 5pm (UK) | 10:30pm (IST) | 1pm (EST)
 Panel: Alie, Al-Yemeni @MARazack26, I.Hakim @CogentFaith with the #DawahWise Team: @MansurXAhmed and Hashim @DawahWise
Please Like, Share, Subscribe and Follow""",label_Irrelevant,0.41937286,0.028600708,0.55202645
"Christian dilemma #2
Begetting dilemma

If the Fathers power to beget is natural and essential and a good property, while the Sons incapacity to beget is natural and necessary, then the Sons nature is deficient relative to the Fathers.
Since divinity entails the absence of deficiency, the Son cannot be fully divine.

If the Son possesses the power or ability or capacity to beget eternally, then Trinity is not an essential nature of God- it could be more than three in one.",label_Irrelevant,0.99029315,0.0049675964,0.0047392077
"Christians claim that in the trinitarian concept of God, all three persons have the same will. 
Question: Did the Son will to be begotten?",label_Irrelevant,0.99119955,0.002660001,0.0061404062
"Christians often claim that in Trinity concept of God, each person has the same divine nature. 
False and erroneous claim. 
The Father has a nature of begetting, while the Son lacks this nature.",label_Irrelevant,0.98387027,0.0043413118,0.011788379
"Christian dilemma #1. 
The duck dilemma:
 
If they count three ducks, the Christian is a tri-theist. If they count as one duck, the Christian will be an ignoramus 
Individual or someone needing an eye sight test.",label_Irrelevant,0.9926292,0.0034351945,0.003935673
""" LIVE TODAY!
Please join us for a special DawahWise livestream!
Live Q&A - Engage, Challenge, Clarify
Thursday, 6th Nov, 2025 at 5pm (UK) | 10:30pm (IST) | 1pm (EST)
Link: 
 Panel: Sadat, Brandon @MercifulMessage, Al-Yemeni @MARazack26, I.Hakim @CogentFaith with the #DawahWise Team: @MansurXAhmed and Hashim @DawahWise
Please Like, Share, Subscribe and Follow""",label_Irrelevant,0.09946298,0.019845221,0.8806918
""" LIVE TODAY!
Please join us for a special DawahWise livestream!
Link: 
The Shocking Moral Dilemmas of Hindu Gods- Live Q&A
Thursday, 30 October, 2025 at 5pm (UK) | 10:30pm (IST) | 1pm (EST)
 Panel: I.Hakim @CogentFaith and Alie with the #DawahWise Team: @MansurXAhmed and Hashim @DawahWise
Please Like, Share, Subscribe and Follow
#HinduMythology
 #HinduismExplained
 #IndianMythology
 #Spirituality
 #EasternPhilosophy
 #MythologyExplained
 #AncientIndia
 #HinduGods
 #Philosophy""",label_Irrelevant,0.34385267,0.024388468,0.63175887
""" Adnan Rashid  Muslim Historian, Speaker &amp; Debater
 Samuel Green  Christian Apologist, Speaker &amp; Debater

 Venue: The Angel Church, Chadwell Street, Angel, Islington, London, EC1R 1XD

 Time: 7 PM

 Date: Friday, October 31, 2025

 Free Entry | All Welcome | Q&amp;A",label_Irrelevant,0.0473772,0.039410137,0.9132128
"""LIVE TODAY!
Please join us for a special DawahWise livestream!
Live Q&A - Engage, Challenge, Clarify
Thursday, 23rd Oct, 2025 at 6:30pm (UK) | 11pm (IST) | 1:30pm (EST)
Link: 
 Panel: @MansurXAhmed, Muris @IslamDiscovered, I.Hakim @CogentFaith and Fawad
Please Like, Share, Subscribe and Follow""",label_Irrelevant,0.5935029,0.019939201,0.3865579
""" LIVE TODAY!
Please join us for a special DawahWise livestream!
Live Q&A - Engage, Challenge, Clarify
Thursday, 9th Oct, 2025 at 6pm (UK) | 10:30pm (IST) | 1pm (EST)
Link: 
 Panel: Sadat, Al-Yemeni @MARazack26, Fawad, Muris @IslamDiscovered with the #DawahWise Team: @MansurXAhmed and Hashim @DawahWise
Please Like, Share, Subscribe and Follow""",label_Irrelevant,0.055574864,0.123552114,0.820873
""" LIVE TODAY!
Please join us for a special DawahWise livestream!
Link: 
Live Q&A - Engage, Challenge, Clarify
Thursday, 25th Sep, 2025 at 6pm (UK) | 10:30pm (IST) | 1pm (EST)
 Panel: Brandon @MercifulMessage, Muris @IslamDiscovered, I.Hakim @CogentFaith with the #DawahWise Team: @MansurXAhmed and Hashim @DawahWise
Please Like, Share, Subscribe and Follow""",label_Irrelevant,0.16787407,0.015721107,0.8164049
""" LIVE TODAY!
Please join us for a special DawahWise livestream!
Tipu Sultan, The Tiger of Mysore Decolonised - with Live Q&A
Link: 
Thursday, 18th September 2025 at 6pm (UK) | 10:30pm (IST) | 1pm (EST)
 Panel: Pablo and Fawad with the #DawahWise Team: @MansurXAhmed and Hashim @DawahWise
Please Like, Share, Subscribe and Follow
#tipusultan #Islam #India""",label_Irrelevant,0.18980539,0.041257378,0.76893723
"""A believer calls upon Allh with complete certainty that their du' will be answered. Why? Because they believe with certainty of Allh's generosity, knowing that He never lets down those who turn to Him sincerely, calling upon Him directly and alone with an attentive heart.",label_Irrelevant,0.989776,0.005394565,0.0048294766
"""A beautiful admonition from Ubayy bin Kab raAllhuanhu",label_Irrelevant,0.98589444,0.0110215945,0.003083936
"""Aisha (may Allah be pleased with her), who said that the Prophet () said:
""Indeed, it (good character) increases homes in prosperity and prolongs lifespans.""

Imam Ahmad (6/159).

This hadith is Saheeh""",label_Irrelevant,0.9959991,0.002261871,0.0017390829
"""A news series of lessons beginning in-sh-Allh this Tuesday 28th April, 2026, with Shaykh 'Abdulilah Lahmami @Abdulilah_UK (may Allh protect him). Tafseer of selected verses by the Muhaddith of Madeenah, al-'Allmah, Shaykh 'Abdul Muhsin al-'Abbd al-Badr (may Allh protect him):""",label_Salafi taklidi,0.0026539252,0.00764391,0.9897022
"""Beware of pride that prevents us from doing what is right and accepting the truth. The Messenger  said, The one who has an atoms weight of pride in his heart will not enter Paradise. Then he explained, Pride is to reject the truth and look down on people. (Muslim, 91)""",label_Irrelevant,0.9964767,0.0023189974,0.0012042928
"""The true ihsaan is that you be good to those who were bad to you. Not easy except for the muhsin. Life short what level do u want to reach?""",label_Irrelevant,0.99144745,0.0025843047,0.0059681833
"""[Clip: 5:55 mins] The Sunnah is Clear! -Abdulilah Lahmami @Abdulilah_UK @learnaboutislam",label_Salafi taklidi,0.008262192,0.007147928,0.9845898
"Imam Ibn al-Qayyim (may Allah have mercy on him) said:
No matter how long a trial lasts, it will come to an end.
Allah has made hardships, pains, and evils in this world cut off (they do not last forever).
[Mukhtaar al-Sawaaiq al-Mursalah (p. 268)]
Abdulilah lahmami",label_Salafi taklidi,0.17782347,0.2339963,0.58818024
"""Generation after generation, the masjid (mosques) have been the blessed foundation for every student of knowledge and the path of the scholars in seeking & spreading knowledge. Step by step, until many were raised by Allh to become illustrious Imms, beacons of guidance who combined true knowledge with righteous action, benefiting both themselves and the Ummah.""",label_Irrelevant,0.6856826,0.05705929,0.2572581
""" The Salaf and their Fear of the Fitnah of Women",label_Salafi taklidi,0.72985345,0.119317256,0.15082929
"""A hadeeth that should shake the heart of every Muslim, reminding us not to take lightly the sins of the heart, which sadly some neglect, despite their deep and damaging effects on the heart and limbs.",label_Irrelevant,0.9931172,0.0031816654,0.0037010692
"""When will the Dajjal (the False Messiah) appear? 

A return to the age of swords, spears and shields.""",label_Salafi jihadi,0.99455357,0.0030505573,0.002395865
"""[Clip: 4:51 mins] Advice for the Newly Married or Youth Looking to Get Married - Abdulilah Lahmami @Abdulilah_UK",label_Salafi taklidi,0.014879947,0.011463175,0.9736569
""" The Stance of the Believer During Times of Tribulation  Excerpts from al-Allmah Ibn Bz Raimahullh.

 Sh Abu Fuayl Abdur Raqb.",label_Salafi taklidi,0.025377233,0.007857657,0.9667651
"""A beautiful du' of the great Companion- 'Abdullh ibn Mas'oud (may Allh be pleased with him). A Companion about whom the Prophet (peace and blessings of Allh be upon him) said:
""I am pleased for my Ummah with what ibn Ummi 'Abd ('Abdullh ibn Mas'oud) is pleased for it.""
[Silsilah al-Ahadeeth as-Saheehah, no.1225]""",label_Irrelevant,0.96901906,0.0051485514,0.025832362
"""May Allah have mercy Sa'ud bin Mutlaq al-Wad'ani, one of the noble mashaykh of Ahlus-Sunnah in Al-Ahsa region, he passed away after delivering his Fajr lesson on Saturday. Lived a life full of knowledge and teaching.",label_Salafi taklidi,0.26639816,0.13568129,0.5979206
"Unity is not blind togetherness.

It is founded upon Tawd, and it exists to preserve Tawd.",label_Salafi taklidi,0.9882699,0.007304286,0.004425848
"""A single moment of sin can destroy what took a lifetime to build.

Be alert.

Dont underestimate the One you disobeyed.""",label_Irrelevant,0.9932439,0.0029797968,0.003776409
"""Just get divorced is lazy advice.

Never rush to separate what Allah joined, especially when children are involved.

If theres a path to reconcile, find it.

If not, let proper channels handle it""",label_Irrelevant,0.99642843,0.0024623284,0.0011092151
"""*A Muslim in a World Full of Desires*

 Confirmed Speakers:
- Ustadh Abul Abbaas
- Ustadh Abubakar al Khalafi
- Ustadh Basak al Kurdi
- Ustadh Muhammad Huzaifah

*Sat 4th April, from Asr 5pm till late*

All are welcome.

 Masjid Sunnah Nelson, BB9 9AR",label_Salafi taklidi,0.0019366991,0.009004843,0.98905843
"""Sh al-Islm Muammad ibn Abd al-Wahhb Conference 1447H / 2026*

 His life and dawah.
 Clearing common misconceptions.
 Principles that shape sound understanding and the true unity of the Ummah.

 30 March  2 April 2026
 2 Sessions Nightly
 Masjid Quba, Leicester",label_Salafi taklidi,0.004296195,0.018687835,0.9770159
"""We know what we want.

We even know what it takes to get there.

But discipline?

Consistency?

Perseverance?

Rare.

Jannah isnt earned by the lives were currently living.

May Allah guide us to something better.""",label_Irrelevant,0.9952591,0.0030735072,0.0016674409
"""We are honoured to host our first annual conference dedicated to Shaykh al-Islam Muhammad ibn Abd al-Wahhb  

 30 March  2 April 2026
 2 Sessions Nightly
 Masjid Quba, Leicester

Shaykh Abdul-Haqq at-Turkmani
Ustadh Abderahman Hammouche
Ustadh Abubakar al-Khalafi",label_Salafi taklidi,0.0018578292,0.0154784415,0.9826637
"""The Last 10 Nights Are Here - Help Secure Masjid Quba

 Donate here: 

May Allah accept from us all and allow us to secure this masjid for the sake of Allah.",label_Salafi taklidi,0.7225342,0.010170986,0.26729482
"My advice to the youth as Raman enters:

Dont make your du all about you

Remember the ones who carried you to this point; your parents

Theyre either ageing or beneath the earth

One day youll be in their place

Make du the way you hope your children will for you",label_Irrelevant,0.99338514,0.0026206616,0.003994214
"""O Allah, have mercy on those who fasted with us in past Ramadhns but are now beneath the earth.

They once longed for its nights with us, and now they await our du in their graves.

O Allah, forgive them, ease their loneliness, and grant them Paradise.""",label_Irrelevant,0.9940404,0.0029269275,0.0030326264
"""AMAU Lands in Denmark! 

Three classical texts. Two days. One rare opportunity.

AMAU brings you a Dawrah Ilmiyyah designed to do more than inform:

From worship and sound methodology to sciences like Usul al-Fiqh, it builds the toolkit you need to engage the Deen with understanding and confidence.

 Teacher: Shaykh Abubakar al Khalafi 
 78 February, 2026
 Odense, Denmark - Dawah Center (Biskorupvej 2)
 Open to brothers and sisters

This isn't theory in a vacuum. It's knowledge you'll carry with you.

Full schedule & FREE registration:",label_Salafi taklidi,0.012012747,0.012368325,0.97561884
""" An Episode You Cant Afford to Miss!

 Sheikh Dr. Asim al-Qaryooti, Ustadh Muhammad Tim Humble, and Sheikh Abubakar al-Khalafi discuss the most pressing challenges facing students of knowledge today:

- Struggling to dedicate oneself fully to studying Islam
- Taking the wrong paths in seeking knowledge
- Burnout and inconsistency
- Distance and online learning
- And much more

 Watch the second episode of Majalis Ilmiyyah NOW:",label_Salafi taklidi,0.010824212,0.014008172,0.9751677
"Rajab is gone. 

Shabn is here.

If youre serious about Ramadn, the preparation starts now.

Clean your heart.

Repent.

Because the one who wastes Shabn rarely honours Ramadn.",label_Irrelevant,0.9921366,0.0029672834,0.004896091
""" New Series at Masjid Quba starting today

 Hearts &amp; Tawheed: The Believers Core

 With Shaykh Abubakar al Khalafi @abubakarkhalafi

 Every Saturday after Ish (7 PM)

 Session 1: Loving Others Like Allah  The Shirk of Love

 Based on Kitaab at-Taweed, Chapter 31",label_Salafi taklidi,0.002392589,0.008738654,0.98886883
"""""The Salaf never made men the scale for truth.

They followed the truth, and honoured those who followed it.

Today, many have reversed this: we follow fulan = therefore we must be upon the truth.

This is not Salafiyyah.

Its sectarianism in Salafi clothes.""
""
--------------

Personality-Based Hizbiyyah: A Hidden Fitnah in the Salafi Dawah",label_Salafi taklidi,0.009433184,0.015313109,0.97525376
"The Salaf never made men the scale for truth.

They followed the truth, and honoured those who followed it.

Today, many have reversed this: we follow fulan = therefore we must be upon the truth.

This is not Salafiyyah.

Its sectarianism in Salafi clothes.",label_Salafi taklidi,0.008239924,0.0258414,0.9659187
"May Allah purify the dawah from hidden hizbiyyah,

Unite us upon truth,

And make our hearts attached to the aqq, not people.",label_Salafi taklidi,0.06409707,0.6270417,0.30886123
"""Those with the most speech in disobedience to Allh

What about this era of ours wherein sinful speech is glorified on social media?!",label_Irrelevant,0.9960908,0.0026231287,0.0012859314
"""Beware of pride that prevents us from doing what is right and accepting the truth. The Messenger  said, The one who has an atoms weight of pride in his heart will not enter Paradise. Then he explained, Pride is to reject the truth and look down on people. (Muslim, 91)""",label_Irrelevant,0.9964767,0.0023189974,0.0012042928
"""Allh is Al-Shahd: The one who is aware of everything... The one who will testify for or against His servants for what they did.

Taken from: Explanation To The Beautiful And Perfect Names Of Allh by Imm Abd al-Ramn bin Nir al-Sad (may Allh have mercy on him)""",label_Irrelevant,0.74284196,0.044519644,0.21263844
"""Seek knowledge in order to act upon it",label_Irrelevant,0.9947524,0.0019771317,0.0032704792
"""Noble Wives",label_Irrelevant,0.99569607,0.0025779007,0.0017261398
"""How the Scholars Dealt With The Fitnah of Ibn Hd and the Muafiqah

Shaykh Rab bin Hd ( ): Ibn Hds fitnah is more dangerous than that of the adddiyyah by tens of times

Read the article:",label_Salafi taklidi,0.007907296,0.07482502,0.9172676
"""The great scholar, al-Imm 'Abdur Rahmn as-Sa'd, Allah have mercy upon him, mentions the benefits of mutual consultation (al-mushwarah):

1. Implementing the commandments of Allah, and following a path that Allah loves, as Allah has described the believers as people of mutual consultation. The Messenger, sallallhu 'alyhi wa sallam would consult his companions.

2. It brings about cohesion amongst the believers.

3. Ideas are clarified and intellects are nurtured.

4. It may be that the correct path is a collobarotation of 2 or 3 opinions.
Correctness in an affair is not known until it is compared with the incorrect position by a sound intellect. 

5. Mutual consultation nurtures love between the believers. 

Majmu'ah of the Shaykh v.26 p.120""",label_Salafi taklidi,0.25944018,0.0152466735,0.7253132
"""Abu alah Dawood Burbank (may Allh have mercy upon him and his wife) he was a beloved teacher and friend, a good example to us all. He died in 2011, and till this day, almost daily,  we come across some work he did during his lifetime! 

We miss him dearly, may Allh reward him for his great efforts and grant him and his family the highest ranks of paradise.""",label_Salafi taklidi,0.9868749,0.0069940602,0.0061310325
"""Dawah at Rideau Station in Ottawa

May Allh reward the brothers from Montreal and Ottawa who set up dawah table to invite people to Islm.""",label_Irrelevant,0.99253666,0.003326327,0.0041370112
"""A warning from not speaking the truth. 

Translated by Sh Abu Abdillah Bill Hussain ( )",label_Irrelevant,0.0075903474,0.007905134,0.98450446
"""Follow the Dall, Not the Muft - 'Allmah Muqbil bin Hdi, Allah have mercy on him

al-Allmah Muqbil bin Had al-Wdi, Allah have mercy on him, was asked regarding the befitting stance of a person on a fatwa from a single scholar; specifically in matters of disagreement. Should it suffice him or should he ask as many scholars as possible, and then follow a fatwa from their fatwa? Is this acceptable and is it negligent to ask only a single scholar? 

His answer:

What I advise the brother with, if he is a student of knowledge, is that he should research in the books, and should diligently attempt to find the truth himself from the books of the people of knowledge, and the affair is easy, Allah willing. And if this is not easy, then what matters is the ease of the heart. So if the heart is assured by asking the first scholar [whose answers come] with proof [then this is acceptable]. 

You must ask for proof, because Allah says, Follow what has been revealed to you from your Lord and do not follow other than Him any awliy. Little do you remember.  [Surat al-Arf: 3]. If he brings proof from the book of Allah and from the sunnah of the Messenger of Allah, sallallhu alaihi wa sallam, and you have understood the proof, then suffice yourself with this, or then you can ask another. And be sure that the proof is not abrogated, or that it is not a proof for what it is being used for, as it may be that the muft takes to a madh-hab, and is giving a fatwa which agrees with his madh-hab.

Ijbatus-Sil, p.638
Translation: Abu Hafsah Kashiff Khan""",label_Salafi taklidi,0.030403586,0.028076379,0.94152
"""A beautiful admonition from Ubayy bin Kab raAllhuanhu",label_Irrelevant,0.98589444,0.0110215945,0.003083936
"""A beautiful du' of the great Companion- 'Abdullh ibn Mas'oud (may Allh be pleased with him). A Companion about whom the Prophet (peace and blessings of Allh be upon him) said:
""I am pleased for my Ummah with what ibn Ummi 'Abd ('Abdullh ibn Mas'oud) is pleased for it.""
[Silsilah al-Ahadeeth as-Saheehah, no.1225]""",label_Irrelevant,0.96901906,0.0051485514,0.025832362
When Silence in the Face of Wrong Brings Collective Punishment...,label_Irrelevant,0.9948978,0.003481132,0.0016209908
"""So how can one live with such people?!",label_Irrelevant,0.9953701,0.002587738,0.002042239
"""""Reporters Without Borders has released its 2026 World Press Freedom Index, showing notable progress for Syria, which rose from 177th place in 2025 to 141st in 2026.

The organization said the improvement comes one year after the fall of former Syrian president Bashar al-Assad, noting that while the countrys press freedom situation remains very serious, all five indicators have improved, particularly the legal framework.""
""
--------------

Syria is doing much, much better, but there's still a long way to go. The @prisonsmuseum 's journalists and documentarists were prevented from accessing former SDF prisons, for instance, with no reason given. Much more transparency is needed.",label_Irrelevant,0.9944132,0.004042369,0.0015445303
"""Not sure that waving the flags of a genocidal state in the name of safety of British Jews is going to do to diminish antisemitism?

But guess that's not the plan.""",label_Irrelevant,0.9951114,0.0041307844,0.00075774826
"""  '   .",label_Irrelevant,0.9917699,0.0044312137,0.0037988755
"""Zionists always post that clip without context. This is a Muhawara, its like a rap battle where they sing about politics. One singer sang for Russia, and another for Ukraine. Its an act",label_Irrelevant,0.99434197,0.004695765,0.0009623004
"""My latest interview: w/a board member of the 'Pioneers of Bashan' Movement, the campaign seeking to establish Jewish settlements in south Syria. Topics include its definition of 'Bashan', influence in Israel &amp; the IDF, &amp; its view of the Syrian government",label_Irrelevant,0.992619,0.005981396,0.0013996322
"""""In response to a question about whether he calls Gaza a genocide, this former president said there are disasters and catastrophes everywhere. 
""
--------------

a really repulsive human being",label_Irrelevant,0.9960075,0.0026218726,0.0013706476
"""Zac ran one of the most racist campaigns - at that time - this country has ever seen.

Hate against both Jewish and Muslim people is on the rise - and we work best when we stand in solidarity with each other.

Both Antisemitism and Islamophobia are both unacceptable.""",label_Irrelevant,0.9956108,0.0029688498,0.0014204097
"""Mesopotamia returns to its status as a paradise following unprecedented rains",label_Irrelevant,0.9959273,0.0027398842,0.0013327481
"""NEW -- #Syria's MOI has captured one of the architects of the August 2013 Sarin gas nerve agent attack on Eastern Ghouta: Major General Adnan Halawa.

The latest in a series of high-profile arrests related to the #Assad regime's most infamous crimes.",label_Irrelevant,0.99400675,0.0050860606,0.0009072281
"""As long as the Sinai Plan [Nakba 2.0] is not off the table, the militarisation of Sinai is just the natural order of things. IDF should get used to such live firing and military drills for years to come.",label_Irrelevant,0.9940234,0.004410834,0.0015657813
"""Syria has seen a growing number of protests across the country, mostly on socio-economic issues. Here our mapping of protests in the month of April alone. @TheSyriaReport",label_Irrelevant,0.99548244,0.002435146,0.002082439
"""""The European Union has warned Israel that it is ready to impose sanctions on those aiding and abetting the trade of Ukrainian grain stolen by Russia in the occupied territories, after a new ship loaded with the cereal arrived in the port of Haifa.

 
""
--------------

This is a good reason to sanction Israel, but surely not as good a reason as the genocide of the owners of the land Israel has settled upon.",label_Irrelevant,0.99511874,0.0038234917,0.0010578516
"The reaction to the stabbing of two British Jews demands once again that anti-genocide marches be stopped, as if antisemitism were caused by people demonstrating for decency and not by something claiming to be a 'Jewish state' perpetrating genocide.",label_Irrelevant,0.9940356,0.0049093883,0.0010549799
were a reasonable response. Imagine if a fifth of British Muslims said they were planning to move to join ISIS.,label_Irrelevant,0.99403125,0.0049122637,0.0010565148
"The pro-genocide political class, which contains more atheist and Christian Zionists than Jewish Zionists, is also exploiting the occasion to make disgusting allegations of 'antisemitism' against @ZackPolanski, the Jewish leader of the anti-racist, anti-genocide @TheGreenParty .",label_Irrelevant,0.98402643,0.014570087,0.0014034642
"This essential book (by @neepd) is filling in the gaps in my understanding of Syrian history, adding flesh to the bones... Fascinating, and accessibly written.",label_Irrelevant,0.99262685,0.0044528274,0.002920379
@neepd Sometimes history rhymes. This was 1954...,label_Irrelevant,0.9892953,0.004601767,0.0061029354
@neepd and this was Israel's involvement in 1954,label_Irrelevant,0.99255884,0.0059922324,0.0014489412
"""NEWSFLASH! We're championing new and exciting voices in the world of food

With just one week to go, enter the Food Season Awards 2025 with special guest judge @BegumNadiya.

Enter now: 

Supported by @vittlesmagazine, sponsored by @miele",label_Irrelevant,0.9484332,0.0067319307,0.044834822
"""For those craving more flavour in their life, and less time in the kitchen.

@BegumNadiyas newest cookbook #CookOnceEatTwice is full of creative and delicious recipes that prioritise cost and efficiency without forfeiting any of the taste.

Available at:",label_Irrelevant,0.78736305,0.022907851,0.18972906
"""We chatted to chef and author Nadiya Hussain (@BegumNadiya) about her new cookbook Cook Once, Eat Twice.",label_Irrelevant,0.99236816,0.0030470316,0.004584827
"""Turns out, @BegumNadiya just really, really loves crisps  

Pick up a copy of this week's #RadioTimes magazine for our full feature and photoshoot with Nadiya - on sale now.",label_Irrelevant,0.96161157,0.006710413,0.031678062
"""Nadiyas ultimate guide to getting the most out of your time spent in the kitchen  all with her signature twist on flavour!

Discover how easy it is to stretch your meals, reduce your waste and make life simpler, so you always have satisfying food at your fingertips

@BegumNadiyas #CookOnceEatTwice is out now:",label_Irrelevant,0.96142006,0.0066148546,0.03196508
"My new book, Cook Once, Eat Twice is out today! My answer to life's busyness and those days when you need food on the table quickly.



#CookOnceEatTwice",label_Irrelevant,0.9934308,0.002025444,0.004543746
"""""I told my husband to tell Bake Off that I had died"" 

Bake Off star @BegumNadiya speaks to Ryan Tubridy about her career, new book and TV Show, 'Cook Once, Eat Twice'

 Watch the full interview:  

#GBBO #VirginRadioUK",label_Irrelevant,0.9647713,0.0053660697,0.029862573
"""In this week's Radio Times magazine, Nadiya Hussain discusses growing up in a second-generation British Bangladeshi family, the rise in food waste across the UK and being awarded her MBE.

Pick up a copy - on sale now.

Photographer: @JudeEdginton",label_Irrelevant,0.9909656,0.004341715,0.004692633
"Ever thought about using banana peel in your cooking? We have eaten banana peel our whole life, so we are in no way shocked or bamboozled by something like this. Its the perfect way to use up bananas. Recipe in my new book!",label_Irrelevant,0.9913242,0.0022729374,0.0064028534
"Only 1 week until my new book, Cook Once, Eat Twice is published!
This cottage pie is great for so many reasons - it uses easy, accessible ingredients and makes a perfect ready meal for when time is short.",label_Irrelevant,0.9908166,0.0030687538,0.0061147166
"""Successful trip to @ChatsworthHouse for  @BegumNadiya this weekend - not long to her new book &amp; series launch Cook Once, Eat Twice.
#bbc2  @MichaelJBooks",label_Irrelevant,0.9807093,0.003980448,0.015310204
"Its a month until Cook Once, Eat Twice hits shelves! Im so excited to start sharing more from the book, starting with this cookie recipe  chocolate and hazelnut are a dream combination, and we always have a supply in our freezer ready for a rainy day.",label_Irrelevant,0.99198747,0.0026464176,0.005366099
"Hey everyone! The Short Tail Trail has taken over Luton in support of Keech Hospice Care! By joining the trail, youre enjoying a great day out and helping Keech provide vital services to those with life-limiting illnesses.

 #ShortTailTrail #HoponBoard #TakeaShelfie",label_Irrelevant,0.9597372,0.005489888,0.034772824
"Is there anything better than a biryani for feeding a crowd? This Eid, Im reaching for this recipe from my Simple Spices book. Its easy, comforting and delicious, with a sweetness from those gorgeous leeks! 

#Eid #MealIdeas #Celebrate #GoodTimes #NadiyasSimpleSpices",label_Irrelevant,0.9838907,0.0041384073,0.011970866
"These Bao buns with spicy tuna do take a little effort to make, and they can get demolished in seconds, but most of the effort is in waiting around  which makes it a perfect dish to make over the weekend! I can promise you its worth it!",label_Irrelevant,0.9898934,0.0036866174,0.0064200414
"Make your summer plans and join me for the fantastic food festival! See you there 

#FoodFestival #NationalGeographic #Summer2024",label_Irrelevant,0.98476493,0.0037506288,0.011484469
"For the sweet tooths out there! From a hot chocolate custard pudding and surprise snickerdoodles, to my marbled ice cream loaf cake and chocolate cookie pie there are loads of chocolate-themed recipes in my Everyday Baking book. I cant resist this chocolate bombe!",label_Irrelevant,0.99273586,0.0026337137,0.0046304357
"Looking for lunch inspiration? I love making this coconut fish noodle dish from my Everyday Baking book. Using one of my favourite ingredients (noodles!), its fragrant, warming and so easy to make  I promise youll love it!",label_Irrelevant,0.99260336,0.0024254185,0.0049712467
""" A night porter encouraged a 12-year old-girl to use a sex toy on herself and even asked her to come and stay in a hotel room with him while on holiday in Cornwall so he could rape her

Jonathan Pound started engaging in communication with a child when he joined the Kik messaging app which is known to be targeted at and used by children and teenagers.

He contacted a girl aged 12 and soon the conversation took a sexualised turn in nature.

A sentencing hearing at Truro Crown Court yesterday (Monday, April 27) heard how the conversation - even when Pound knew perfectly well that the girl was 12 years old - went from flirtatious to disgusting.

In 15 exchanges over five weeks, Pound, 44, from Station Road in Grampound Road, between Truro and St Austell, asked the girl if she was into older men, if she had a nice body and even asked her to send him pictures of her breasts and genitals.

The court heard that on one occasion he asked her to go in the house, locate a sex toy and insert it into her vagina and then he sent her a picture of his penis.

It was when he tried to encourage the girl to meet up at a hotel room he would book and asked her to come alone so staff would not bat an eyelid but would think she was his own daughter, that Devon and Cornwall Police, who had run the fake-girl account as a paedo-hunting decoy, pounced.

Pound was arrested and charged with one count of inciting a girl under 13 to engage in sexual activity and another of engaging in sexual communication with a child in connection with the incident in February/March 2024.

The 44-year-old dad of two young children later pleaded guilty to the charges.

His barrister said the incident happened two years ago and had been a one-off and Pound had not offended either before or since.

She said that Pound denied having any sexual interest in children but admitted that what he did was wrong, adding that he had been lonely at the time with no-one to speak to about his mental health issues.

His Honour Judge Simon Carr said Pound had intended to use Kik because it is targeted at and used by children and teens. 

He said Pound's conversation with the fake child were entirely sexualised and abhorrent in nature.

Judge Carr said Pound's offences were so serious an immediate custodial sentence was unavoidable.

He sentenced Pound to three years in prison. He will serve half before he is eligible to be released on licence. 

He will also be on the sex offenders' register for life and a sexual harm prevention order restricting his access to the internet was imposed for 10 years. 

Source UK Database.""",label_Irrelevant,0.9950896,0.002486372,0.0024240382
""" THEY CALL IT CEASEFIRE WHILE GAZA STARVES, OCCUPIED PALESTINE BLEEDS, AND THE WORLD LOOKS AWAY | APRIL 27

 Aid / Crossings
The Gaza Crossing and Border Authority reported 214 trucks entered through Kerem Abu Salem: 134 commercial trucks, 12 aid trucks and 12 fuel trucks. For over 2 million people, this is not relief. It is controlled deprivation. They open the crossing when they choose, close it when they choose, then claim aid is flowing.

 Water Crisis
Gazas water collapse is catastrophic. Families are surviving on less than 10 litres per person daily, with some areas down to 2 litres. Before the war, access was around 80 litres. Water production has fallen from around 100,000 cubic metres per day to 35,000. Dirty water, sewage overflow, disease, insects and rats are now part of survival.

 Ceasefire Violations
Palestinian officials have cited 2,400+ serious israeli violations, including 921 shootings, 1,109 bombardments and attacks, 273 demolitions and 97 incursions. They call it a ceasefire. They keep firing.

 Imad Miqdad
Imad Miqdad was killed after israeli war criminal drones targeted his solar powered phone charging station in Sheikh Radwan. This was one of the few places civilians, journalists and medics could charge phones and stay connected. Destroy hospitals. Destroy water. Destroy roads. Destroy communication.

 Occupied Palestine / East Jerusalem
Occupied Palestine is being strangled in parallel. Since 7 October 2023, OCHA figures cited by UNRWA recorded 1,079 Palestinians killed in occupied Palestine, including East Jerusalem, at least 235 of them children, by 30 March 2026. Save the Children reported 685 Palestinian children displaced by settler violence in the first three months of 2026 alone. In al-Mughayyir near Ramallah, 14 year old Aws al-Naasan and 32 year old Jihad Abu Naim were killed during a settler attack near a school. This is raids, shootings, demolitions, illegal outposts, land seizures, settler terror and forced displacement working together.

 Dr Hussam Abu Safiya
Dr Hussam Abu Safiya, a Palestinian doctor from Gaza, remains in israeli detention without charge according to campaigners and rights advocates. April 28 is the feared key date being raised for his case. He treated the wounded after losing his own son. Then he was taken.

 Knesset Death Penalty Bill
The israeli Knesset passed a death penalty bill targeting Palestinians, advancing execution measures through occupation courts. So while Gaza is starved and bombed, Palestinian prisoners are threatened with execution through the same system that jails doctors without justice.

 Core Closing Line
They jail the doctors, threaten the prisoners, starve the civilians, cut the water, throttle the aid, kill the children, seize the land, build the settlements, then ask the world to call it democracy.""",label_Irrelevant,0.9931752,0.004526525,0.0022983325
"""Donate &amp; share!:",label_Irrelevant,0.9941491,0.0020413722,0.0038096143
"""Help Feed Gaza Now - Our Distribution From February 18th, 2026",label_Irrelevant,0.99615014,0.0021810508,0.0016688268
"""Remembering Fred Dibnah, born this day in 1938.",label_Irrelevant,0.99549544,0.0026501378,0.0018543991
"""This is the most difficult and harshest video ever documented of rats inside tents, where dozens of large rats invaded the tent at night while people were asleep, moving through the space between bodies and in every corner without any restraint.

What I wrote in yesterdays tweet was not an exaggeration it truly happened in front of this young man as documented. An extremely shocking and brutal scene, considered one of the most difficult ever recorded in this reality so far.""",label_Irrelevant,0.9951095,0.002549778,0.0023407096
""" A man who exposed himself to multiple women on a London train, breaching a Sexual Harm Prevention Order (SHPO) handed to him less than two weeks prior has been jailed, following a British Transport Police (BTP) investigation.

Ayman Yanoussi, 21, and of St Johns Road in Newham, was sentenced at Inner London Crown Court on Thursday 16 April to 14 months imprisonment having previously pleaded guilty to two counts of exposure, breaching his SHPO, and possessing cannabis.

The court heard how on 28 December 2025, at 11.20am, Yanoussi was at Upminster Bridge Underground station sat on a bench on the platform.

A woman who walked up the platform noticed that Yanoussi was sat with his trousers by his ankles while touching himself inappropriately.

She took out her phone to record what he was doing to pass on to police, but he quickly pulled his trousers up and hid behind a pillar. He then boarded a District Line train heading towards Wimbledon.

Not long after he boarded the train, Yanoussi sat next to another woman and pulled his trousers down. After that woman moved away, Yanoussi sat opposite another woman, again exposing himself to her before she moved away.

Yanoussi repeated this behaviour a third time, sitting next to another woman and exposing himself as the train approached Elm Park at which point several of the women who Yanoussi had targeted left the train.

Yanoussi continued to expose himself on different trains across London while occasionally touching himself inappropriately until 12.51pm when a woman reported his behaviour to a member of staff.

The train Yanoussi was on was held at Hammersmith Underground station, and Yanoussi quickly fled the station.

A BTP officer was dispatched to the station and found Yanoussi waiting at a bus stop where he was promptly arrested for exposure. 

After being detained, it emerged that Yanoussi had been handed a Sexual Harm Prevention Order less than two weeks earlier after he was sentenced to nine months' imprisonment, suspended for 18 months, having pleaded guilty to three counts of Upskirting that occurred in April 2024.

Source UK Database.""",label_Irrelevant,0.9949675,0.003015687,0.0020168046
""" A primary school teaching assistant groomed a 10-year-old child into sending sexual videos on Snapchat. 

Charlie Territt, who worked at Streatham Wells Primary School, was sentenced to seven years in prison on Thursday (April 23) by a judge who described him as having a perverted fixation with the victim. 

Prosecutor Bhavin Patel said that throughout 2024, Territt engaged in late-night conversations with a vulnerable child on Snapchat. 

The 32-year-old sent sexual videos of himself and incited the child to send similar videos in return. 

Noticing a change in behaviour, the victim's elder sibling inspected the Snapchat account and discovered Territts vile messages. 

The abuse was reported to the police and on January 3 last year, police attended Territts home in South Bermondsey where they seized several phones and sex toys. 

Mr Patel said: ""Whilst police were inside his home, a car left the property. The driver and occupant were the defendants brother and cousin. The car was stopped and two more mobile phones were seized. 

Territt denied the abuse in interview and continued to do so after being charged, until an analysis of his phone revealed a sexual video of the victim as well as indecent images of three other children. 

Facing incontrovertible evidence, according to Judge Silas Reid, Territt then pleaded guilty to:

- Causing or inciting a child to engage in sexual activity, 

- Causing a child to watch a sexual act, 

- Sexual communication with a child  

- Making indecent photographs of children aged between 10 and 16. 

However, the defence said his client denied being a paedophile and that it was an attraction to this child as opposed to a wider interest. 

When Judge Reid questioned why, if he is not a paedophile, Territt had sexual images of other children too, Mr Waller said there were not as many images as typically seen in paedophile cases. 

Judge Reid told Territt: What you did can only be described as serious grooming. 

You engaged in utterly inappropriate conversations about sexual matters designed for your own sexual gratification, culminating in inciting the child to masturbate and you receiving images of it. 

The damage you wreaked by your behaviour will no doubt last many years if not forever. 

Judge Reid sentenced Territt to seven years imprisonment. 

Upon his release he will be the subject of a Sexual Harm Prevention Order and will be on the Sex Offenders Register for life.

Source UK Database.""",label_Irrelevant,0.9950877,0.002754254,0.002158097
""" Sorry folks, another grim one.

 A diaper fetishist"" with a grotesque fixation on rooting through bins for used nappies has been jailed for a total of 2.5 years for doing the same thing again.

Abbie Taylor had been banned from going near bins but was seen by two different people climbing in and searching through their waste, Newcastle Crown Court heard.

Taylor, who identifies as a woman but previously committed offences under the name Martin Tarling and was being held on remand at a male prison, was given a suspended sentence in 2025 for targeting nurseries in South Tyneside.

The 47-year-old from South Shields, whose criminal record had 99 offences on it, has admitted breaching a criminal behaviour order and was jailed for two and a half years.

A three-year order was made in 2023 prohibiting Taylor from attending any nurseries, removing items from bins or wearing incontinence aids over clothing in public, the prosecutor said.

Taylor was originally given a suspended two years sentence in August 2025 for breaching the 2023 order by committing offences at several nurseries which included repeatedly dumping soiled nappies near nurseries and raking through the bins semi-naked.

In December 2025, a woman who lived with her husband, who needed to use adult nappies, found several of his soiled garments scattered around their garden, the court heard.

She believed they might have been blown out by the wind, but later that day heard someone moving her bins and looked out to see Taylor rummaging, the court heard.

The woman banged on the window and shouted, causing Taylor to flee semi-dressed, the court heard.

The following day, the woman saw Taylor going through her bin again, with the defendant leaving with a bag of rubbish, the court heard.

Shortly afterward in December another woman saw Taylor standing in her bin and searching, the prosecutor said.

A previous court hearing was told Taylor was a ""diaper fetishist"" whose Facebook profile described the defendant as an ""adult baby diaper lover"".

But in mitigation, a psychiatrist had concluded Taylor 's actions were not sexually motivated, which was accepted by the judge.

The judge said Taylor had a ""grotesque obsession"" with ""rooting around in bins near care homes or nurseries to retrieve soiled nappies or incontinence wear"".

""Your conduct is highly anti-social and extremely distressing to people who are affected by it,"" the judge told Taylor.

Taylor was jailed for 16 months for breaching the 2023 court order and 14 months consecutive for breaching the suspended sentence imposed in August 2025.

Source True Crime Online.""",label_Irrelevant,0.9947773,0.003644547,0.0015780987
"""NEVER FORGET WHAT ISRAEL DID TO GAZA!",label_Irrelevant,0.9961138,0.0023635002,0.0015226338
"""@KettlebellDan This is how you treat your customers?

Enjoy being ratioed by moldy bread",label_Irrelevant,0.99400663,0.0020901265,0.0039031692
""": Bees are officially declared the most important living species on the planet, essential to human life.",label_Irrelevant,0.995533,0.0023564622,0.0021105069
"""Is Iran  Fighting For Islam And Palestine? Br Shamsi",label_Irrelevant,0.9948655,0.0041533113,0.000981221
"""This Munafiq reminds me of the Hadith:

Wretched is the slave of the dinar.",label_Irrelevant,0.99328303,0.0042719264,0.0024450598
"Shaykh Abu Al al-asan said,

Dont be surprised by the actions, behavior or stances of the Madkhilahfor they are vile traitors.

If a person becomes slave to the ruler, then expect from him every evil action.

A Madkhal feels no shame to act as a pimp for his authority.",label_Salafi jihadi,0.019814286,0.7993493,0.1808364
"Apostasy of Normalization with the occupying state of Israel

[]",label_Salafi jihadi,0.9956884,0.0031327242,0.0011788731
10. Senior student of Shaykh Sulayman al-Alwn said the same.,label_Salafi jihadi,0.07434965,0.07322897,0.8524214
"""""#NEW | The Ruling on Normalization Treaties | (01) Ramadn 1445 Q&amp;A | Shaykh Ahmad Musa Jibril (  )

#Ramadan1445QA 
""
--------------

11. Shaykh Amad Ms Jibrl",label_Salafi jihadi,0.040259447,0.79475296,0.16498756
"al-Muallim al-Yamn said,

Know that Allh,  , may cause some of the sincere people to fall into a certain mistake as a trial for others: will they follow the truth and leave that persons statement, or will they be deceived by his virtue and status? That person is",label_Irrelevant,0.9850878,0.005690305,0.009221957
"The Salaf saw the school of the Murji'ah to be the most dangerous, because it is an entrance for falsehood. The Murji'ah of old opened the door for the Jahmiyyah, and the modern day Murji'ah have opened the door for Liberalism.",label_Salafi jihadi,0.0278846,0.09842982,0.87368566
"I don't get why anyone would put sugar in Afghani pulao, I prefer when it's unsweetened and definitely no chickpeas.",label_Irrelevant,0.98985225,0.00522043,0.0049273027
"""A breakfast in Afghanistan",label_Irrelevant,0.99492973,0.0024914362,0.002578769
"""""Imam Shafii   said:  
 
Conceal your hardship so much so the people presume you are blessed and have an easy life.
 
[Manaqib ash-Shafi, 2/188]""
""
--------------

Apparently this report is very weak. 
Let's not copy paste things.",label_Irrelevant,0.9964271,0.002030817,0.0015420996
"""Afghanistan is ruled by a bunch of uneducated mushrikin who believe if a woman gets educated (learn to read and write) she will start writing letters to her boyfriend, this was said by one of the scholars of the Afghan regime.""",label_Irrelevant,0.9950541,0.0040174997,0.0009283628
"""A Salafi scholar from Afghanistan Sheikh Sardar Wali Thaqib   
was murdered in his own house by an ""unknown"" guest that came to his house. 
The Sufi Talib regime said they will find out and its been more then 3 years they haven't found who did it nor they care about it.",label_Irrelevant,0.991959,0.006308516,0.0017324464
"""this horse is stunning",label_Irrelevant,0.9945063,0.0025631012,0.0029305276
"""""You can tell majority of the Muslims are just secular leaning, despite Afghanistan, Iraq, Palastine. Syria and Sudan killings of sunnis, they are still brainwashed by western media.

We are at an age where non Muslims make vlogs about Afghanistan while Muslims badmouth it.""
""
--------------

Afghanistan is ruled by a bunch of uneducated mushrikin who believe if a woman gets educated (learn to read and write) she will start writing letters to her boyfriend, this was said by one of the scholars of the Afghan regime.",label_Irrelevant,0.993407,0.0056832777,0.0009096696
"""Meat vendors in Xinjiang are locked behind cages",label_Irrelevant,0.9955214,0.0027607428,0.0017178452
"""kensington to leicester square #walkmaxxing",label_Irrelevant,0.99573696,0.002136187,0.0021269314
"""BREAKING - UAE announces exit from OPEC, OPEC+""",label_Irrelevant,0.9959252,0.0025414743,0.0015333369
Hooray,label_Irrelevant,0.9931335,0.0030862107,0.0037803417
"""I dont know why I have so many mutuals interacting with this blasphemer. 

He went from Pro-Axis to Anti-Iran in few years and even then he continued on with his blasphemy comments under the cover of trolling.",label_Irrelevant,0.9703992,0.026336676,0.0032641632
"""   

This is a response to Mourad on the Aqidah of Shaykhul Islam Muwaffaq Ibn Qudamah Al-Maqdisi   .
There will be 3 parts to this
1Terminology
2Refutation
3Statements of the Imam himself""",label_Irrelevant,0.5908985,0.026777154,0.3823243
"""Sh Iyad Ghali is probably the best thing thats ever come out of Tablighi Jamaah

They are very good at targeting Muslims who have a dunya centred life in bringing them back to the mosques and creating awareness for Islam 

Yet being stuck with them is the greatest waste of time""",label_Irrelevant,0.0149761615,0.009955546,0.9750683
"""Dawah Mafia.

Screw their Unity.",label_Irrelevant,0.97190094,0.025153933,0.0029452003
"""The children who are tormented by the tyrants of the world today, will tomorrow bi idhni Allah trample upon the heads of the same tyrants""",label_Irrelevant,0.98765194,0.011454597,0.0008935477
"""""- 2011 teenager writes four words on a wall.
-  sparks a revolution.
- tortured hung for 45 days.
- 13 years on the run.
- joins the resistance.
- 2024: enters Damascus to overthrow the regime 
- 2026 watches his alawite torturer caged
- the boy? Muawiyah.. 
poetic justice oof""
""
--------------

Beautiful",label_Irrelevant,0.9935486,0.005739372,0.0007120668
"""- 2011 teenager writes four words on a wall.
-  sparks a revolution.
- tortured hung for 45 days.
- 13 years on the run.
- joins the resistance.
- 2024: enters Damascus to overthrow the regime 
- 2026 watches his alawite torturer caged
- the boy? Muawiyah.. 
poetic justice oof""",label_Irrelevant,0.994453,0.00482718,0.0007198162
"""""Morrocan politician Mustafa Binali:

""We as a party express our support for all directions that serve the interest of voters at this delicate stage, through which Morocco has moved from the project of an Islamic state to the project of a liberal democratic social state. 
""
--------------

Only an ignorant person would be surprised at this. Morocco have been apostates for so many decades lmfao, they been selling out since 1945. And the state was always secular, they just decided to make these statements now but it doesnt change anything",label_Salafi jihadi,0.9921482,0.006569849,0.0012819255
"""""Moroccan minister of justice Abdul Latif Wahbi says that a (unrelated) man &amp; woman being alone in a house is not a crime. He then refers to the Hadith of Shaytaan being the third of them &amp; mocks it by saying Give me the national identity card of Shaytaan. 
""
--------------

Look how dirty these jahannamis are. Just last week we saw tebboune making these filthy statements and now these dogs decided to hop on too. Its also pure cope to limit to to these states or UAE. None of the other rulers are different",label_Irrelevant,0.9760174,0.018431263,0.005551355
Russia will never come through for you lmao,label_Irrelevant,0.99452484,0.0031980642,0.0022770956
"General Modibo Kon, Malian National Intelligence Chief, just got packed too.",label_Irrelevant,0.99176145,0.004333829,0.003904654
"""Follow this beneficial account""",label_Irrelevant,0.9952814,0.002194559,0.0025239796
"""A statement of the Murjiah:

Aiding kuffr in killing Muslims is only kufr if it stems from love for their religion.

 Shaykh Abdullh al-unaymn
 Shaykh Sulaymn al-Alwn
 Shaykh Khlid al-Fulayj
 Faial al-Jsim",label_Irrelevant,0.01471178,0.48825628,0.4970319
"""The adversaries of tawd, the promoters of moral decay, and those calling for liberation from values, ethics, and divine commands and prohibitions; such people are increasing in this age, not diminishing. They proclaim that whoever merely says l ilha ill Allh is a believer, even if he abandons the Sharah of Allah entirely!

In their view and creed, rulings pertain only to what lies in the heart, not to outward actions. And the more pretentious among them insist that l ilha ill Allh does not encompass all aspects of life. The result of this corrupt ideology has been the spread of wickedness across the earth, the suspension of jihd in the path of Allah, and the rise of shirk, biddah, and political, economic, intellectual, and social deviations among the Muslims, whereby the true meanings of the Sharah have been lost.

Thus the Murji doctrine fused with the secular mindset that seeks to sever religion from life and life from religion. Many people came to believe that worship is confined to ritual acts performed in the home and the mosque, and that religion has no place in governance or politics. They roll off their tongues the word of unbelief: Render unto Allah what is Allahs, and unto Caesar what is Caesars.

al-Allmah Sulaymn al-Alwn - Al inna nasra Allhi qarb""",label_Irrelevant,0.31203192,0.33937657,0.3485915
"""Imam Jamil Al-Amin passed away today while still confined within the prison walls. Like his companion, Imam Luqman Abdullah, who preceded him, these were men who, in shAllh, remained steadfast and true to their covenant with Allh. They stood in stark contrast to many other imams in the West, who faltered and compromised.

Though they may not have been formally recognized as ulama, theyin shAllhacted upon the knowledge they possessed, which is what truly matters.         . Even amid his suffering, Imam Jamil remained thoughtful, conveying his salm to me through some who were in touch with him.

May Allh forgive them both, envelop them in His infinite mercy, illuminate their graves with radiant light, and elevate their ranks among the righteous.

Ahmad Musa Jibril 
2 Jumda ath-Thn 1447""",label_Irrelevant,0.02995797,0.86697346,0.10306859
"""His friend went to Sudan to find his family and he ended up being massacred along with his family by the RSF. Every person killed by this UAE sponsored RSF militia will have friends and family that are hurting. For them and their families make sure you #BoycottUAE",label_Irrelevant,0.9948319,0.0039226697,0.001245311
""" ,      !!",label_Irrelevant,0.99411905,0.002891388,0.0029896498
"""       !           ,   -   (   )        !

(.:                )",label_Irrelevant,0.99552804,0.0023463394,0.0021256409
"""",label_Irrelevant,0.98929274,0.0061073797,0.004599818
"""        !   ??       ?

        -      -",label_Irrelevant,0.9950257,0.002590227,0.002384012
"""Dont speak against the ruler.

The ruler in question:",label_Irrelevant,0.9952426,0.0023569555,0.002400476
"""BREAKING: UAE says it will quit OPEC and OPEC+.",label_Irrelevant,0.99572986,0.0026028291,0.0016673143
"""State-backed Liberals are given media positions, and the Extremists of Obedience are given official religious positions, all in the name of defending against an imaginary bogeyman: the Islamic movements.",label_Irrelevant,0.9906561,0.008432112,0.00091183995
"The Salaf saw the school of the Murji'ah to be the most dangerous, because it is an entrance for falsehood. The Murji'ah of old opened the door for the Jahmiyyah, and the modern day Murji'ah have opened the door for Liberalism.

- Shaykh Abdul Aziz at-Tarefe",label_Salafi taklidi,0.0076878723,0.11678686,0.87552524
"The distinctive characteristics of the secularists in the Arab world

- Shaykh Muhammad Hassan Didu",label_Irrelevant,0.07843602,0.2215935,0.69997054
"Do they not see that they are tried every year once or twice but then they do not repent nor do they remember?

- Shaykh Ibrahim as-Sakraan (may Allah protect &amp; free him)",label_Salafi taklidi,0.04925016,0.5654871,0.38526273
Muslim politicians &amp; government figures in Muslim lands do not just suddenly start disassociating themselves from Islam &amp; mocking the religion overnight. This is the result of a long process to completely secularise Muslim lands &amp; the prevalence of Irjaa &amp; the callers to it.,label_Salafi jihadi,0.47145936,0.48241037,0.046130247
"""IDF announces the death of a soldier who died of wounds sustained in southern Lebanon: Sergeant Idan Fooks, 19.",label_Irrelevant,0.99642295,0.0025365094,0.001040491
"""NEW: The confession of the perpetrator of the Tadamon Massacre, Amjad Yousesf:

 The individual appearing in the viral footage known as the Tadamon massacre is me, Amjad Youssef. These events date back to the early years of the Syrian revolution. 

 At the time, I was accompanied by Najib al-Halabi and a photographer whose name I cannot recall. We rounded up 40 individuals at random, under the pretext that they were 'terrorists'.

 We took them to a pre-dug pit, where I began executing them, as shown in the video. In some instances, I waited for the victim to fall into the pit before firing; in others, I shot them before they fell. 

 Intermittently, I would call on Najib al-Halabi to take his turn in the killing, until we had executed everyone present.

 We had previously placed car tires at the bottom of the pit. After the executions, we piled more tires over the bodies and set them on fire to prevent the scent of decomposition from spreading throughout the area. We then filled the pit. 

 I received no military orders to carry out this massacre, it was my own personal decision. 

 I cannot explain why there were exactly 40 victims, the selection was arbitrary, dictated solely by the circumstances at the time.

Source: Usman A Khan and translation by Syrian journalist Qusay Noor""",label_Irrelevant,0.9934215,0.005003578,0.0015749165
"""Mass Kidnappings Across Chechnya! 

Russian occupational forces and FSB-directed units have launched what appears to be a coordinated new wave of mass abductions across occupied Chechnya. Over 100 people are reportedly kidnapped in just the past few days alone, with operations spanning multiple villages and districts.

The Kadyrov-Russian regime continues its hunt for young men. Some of those kidnapped are sent to military enlistment offices and forced to sign contracts with the Ministry of Defence. Families of the kidnapped are being extorted for hundreds of thousands of rubles.

According to NIYSO, one of the abducted residents of the village of Prigorodnoe has died whilst in  custody.  The deceased has been identified as Mimbulatov  a father of two brothers, who was abducted alongside them. Whether he was subjected to torture remains unclear, as given his advanced age (60+), even the stress of the situation alone could have led to death.

Today, a large number of people who knew the Mimbulatov family came to the funeral in Prigorodnoe. No investigation into the cause of death or criminal proceedings against the officers involved will, of course, take place. The Kadyrov puppet administration continues to terrorise and kill Chechens,""",label_Irrelevant,0.9896981,0.006092232,0.004209686
"Morrocan politician Mustafa Binali

""We as a party express our support for all directions that serve the interest of voters at this delicate stage, through which Morocco has moved from the project of an Islamic state to the project of a liberal democratic social state.",label_Irrelevant,0.9936109,0.004928276,0.0014607843
